Timestamp,General Market Score,Large Market Cap Score,EMA Score,Combined Score,Live SPY Price,Live VIX Price,Momentum Based Recession Chance,VIX Based Recession Chance,Raw Market Invest Score,Market Score Percentile,Market IV,Market IVR
2025-12-04T09:00:02.743979+00:00,56.28,50.98,57.90,55.05,683.89,16.24,6.0%,3.7%,89.28,50.0%,13.62,50.0%
2025-12-04T09:15:03.086578+00:00,56.25,50.98,57.90,55.04,683.89,16.27,6.0%,3.7%,89.05,50.0%,13.62,50.0%
2025-12-04T09:30:03.307195+00:00,56.29,50.98,57.90,55.06,683.89,16.23,6.0%,3.6%,89.35,50.0%,13.62,50.0%
2025-12-04T14:45:04.367784+00:00,56.60,51.03,58.45,55.36,683.83,15.96,6.0%,3.5%,91.36,50.0%,13.64,50.0%
2025-12-04T15:00:04.920508+00:00,55.98,50.97,58.33,55.09,683.12,16.22,6.0%,3.6%,89.68,50.0%,15.48,50.0%
2025-12-04T15:15:06.094735+00:00,55.39,50.95,58.35,54.90,683.16,16.47,6.0%,3.8%,87.77,50.0%,55.35,50.0%
2025-12-04T18:30:03.457536+00:00,57.76,50.96,58.56,55.76,684.66,16.04,6.0%,3.6%,90.53,50.0%,39.90,50.0%
2025-12-05T07:15:03.889067+00:00,57.72,50.99,58.52,55.74,684.39,15.78,6.0%,3.4%,92.52,50.0%,13.80,50.0%
2025-12-05T07:30:04.504773+00:00,57.72,50.99,58.52,55.74,684.39,15.78,6.0%,3.4%,92.52,50.0%,13.80,50.0%
2025-12-05T16:15:12.162868+00:00,57.72,51.03,59.16,55.97,686.15,15.80,5.9%,3.5%,91.89,50.0%,15.80,50.0%
2025-12-05T16:30:03.784748+00:00,57.28,51.01,59.12,55.80,685.90,15.86,6.0%,3.5%,91.50,70.0%,15.86,50.0%
2025-12-05T16:45:04.690501+00:00,57.25,51.00,59.06,55.77,685.46,15.93,6.0%,3.5%,91.11,54.5%,15.93,50.0%
2025-12-05T17:00:04.424286+00:00,56.78,50.99,59.13,55.63,685.93,16.07,6.0%,3.6%,89.93,41.7%,16.07,50.0%
2025-12-05T17:15:03.057693+00:00,57.20,51.01,59.05,55.75,685.34,15.82,6.0%,3.5%,91.96,84.6%,15.82,50.0%
2025-12-05T17:15:04.168655+00:00,57.20,51.01,59.05,55.75,685.34,15.82,6.0%,3.5%,91.95,78.6%,15.86,50.0%
2025-12-05T17:30:03.870405+00:00,56.86,50.99,59.05,55.63,685.39,15.91,6.0%,3.5%,91.28,53.3%,15.91,50.0%
2025-12-05T17:30:04.488271+00:00,56.86,50.99,59.05,55.63,685.39,15.91,6.0%,3.5%,91.28,56.2%,15.91,50.0%
2025-12-05T17:45:04.268389+00:00,56.92,50.99,59.04,55.65,685.27,15.82,6.0%,3.5%,91.99,88.2%,15.82,50.0%
2025-12-05T17:45:04.272839+00:00,56.92,50.99,59.03,55.65,685.27,15.82,6.0%,3.5%,91.99,88.2%,15.82,50.0%
2025-12-05T18:00:03.843801+00:00,56.90,50.99,59.17,55.69,686.26,15.81,5.9%,3.5%,91.76,63.2%,15.81,50.0%
2025-12-05T18:00:04.297289+00:00,56.90,50.99,59.17,55.69,686.26,15.81,5.9%,3.5%,91.76,65.0%,15.81,5.2%
2025-12-05T20:45:04.426543+00:00,57.72,51.00,59.12,55.95,685.84,15.38,6.0%,3.3%,95.00,100.0%,15.36,4.2%
2025-12-05T20:45:05.578056+00:00,57.74,51.00,59.12,55.95,685.84,15.36,6.0%,3.3%,95.15,100.0%,15.36,4.2%
2025-12-05T21:00:02.931166+00:00,57.72,51.00,59.02,55.91,685.15,15.29,6.0%,3.2%,95.84,100.0%,15.28,4.0%
2025-12-05T21:00:05.752710+00:00,N/A,N/A,N/A,N/A,N/A,N/A,N/A,N/A,N/A,N/A,N/A,N/A
2025-12-05T21:15:05.876230+00:00,57.57,51.01,59.09,55.89,685.64,15.35,6.0%,3.3%,95.27,95.8%,15.35,4.1%
2025-12-05T21:15:05.932898+00:00,N/A,N/A,N/A,N/A,N/A,N/A,N/A,N/A,N/A,N/A,N/A,N/A
2025-12-05T22:45:04.558123+00:00,N/A,N/A,N/A,N/A,N/A,N/A,N/A,N/A,N/A,N/A,N/A,N/A
2025-12-06T05:30:09.406525+00:00,N/A,N/A,N/A,N/A,N/A,N/A,N/A,N/A,N/A,N/A,N/A,N/A
2025-12-06T05:45:08.862483+00:00,N/A,N/A,N/A,N/A,N/A,N/A,N/A,N/A,N/A,N/A,N/A,N/A
2025-12-06T06:00:04.102680+00:00,57.50,51.01,59.10,55.87,685.69,15.41,6.0%,3.3%,94.83,84.0%,15.41,4.3%
2025-12-06T06:15:05.328723+00:00,57.50,51.01,59.10,55.87,685.69,15.41,6.0%,3.3%,94.83,84.6%,15.41,4.3%
2025-12-06T06:30:03.759435+00:00,57.50,51.01,59.10,55.87,685.69,15.41,6.0%,3.3%,94.83,85.2%,15.41,4.3%
2025-12-06T07:00:05.935773+00:00,57.50,51.01,59.10,55.87,685.69,15.41,6.0%,3.3%,94.83,85.7%,15.41,4.3%
2025-12-06T07:15:03.266167+00:00,57.50,51.01,59.10,55.87,685.69,15.41,6.0%,3.3%,94.83,86.2%,15.41,4.3%
2025-12-06T07:30:03.769264+00:00,57.50,51.01,59.10,55.87,685.69,15.41,6.0%,3.3%,94.83,86.7%,15.41,4.3%
2025-12-06T07:45:03.574525+00:00,57.50,51.01,59.10,55.87,685.69,15.41,6.0%,3.3%,94.83,87.1%,15.41,4.3%
2025-12-06T08:00:03.514631+00:00,57.50,51.01,59.10,55.87,685.69,15.41,6.0%,3.3%,94.83,87.5%,15.41,4.3%
2025-12-06T08:15:04.380328+00:00,57.50,51.01,59.10,55.87,685.69,15.41,6.0%,3.3%,94.83,87.9%,15.41,4.3%
2025-12-06T08:30:04.870180+00:00,57.50,51.01,59.10,55.87,685.69,15.41,6.0%,3.3%,94.83,88.2%,15.41,4.3%
2025-12-06T08:45:06.377191+00:00,57.50,51.01,59.10,55.87,685.69,15.41,6.0%,3.3%,94.83,88.6%,15.41,4.3%
2025-12-06T09:00:03.176787+00:00,57.50,51.01,59.10,55.87,685.69,15.41,6.0%,3.3%,94.83,88.9%,15.41,4.3%
2025-12-06T09:15:03.524338+00:00,57.50,51.01,59.10,55.87,685.69,15.41,6.0%,3.3%,94.83,89.2%,15.41,4.3%
2025-12-06T09:30:03.197251+00:00,57.50,51.01,59.10,55.87,685.69,15.41,6.0%,3.3%,94.83,89.5%,15.41,4.3%
2025-12-06T09:45:03.189059+00:00,57.50,51.01,59.10,55.87,685.69,15.41,6.0%,3.3%,94.83,89.7%,15.41,4.3%
2025-12-06T10:00:03.021349+00:00,57.50,51.01,59.10,55.87,685.69,15.41,6.0%,3.3%,94.83,90.0%,15.41,4.3%
2025-12-06T10:15:03.564888+00:00,57.50,51.01,59.10,55.87,685.69,15.41,6.0%,3.3%,94.83,90.2%,15.41,4.3%
2025-12-06T10:30:03.075456+00:00,57.50,51.01,59.10,55.87,685.69,15.41,6.0%,3.3%,94.83,90.5%,15.41,4.3%
2025-12-06T10:45:05.783776+00:00,57.50,51.01,59.10,55.87,685.69,15.41,6.0%,3.3%,94.83,90.7%,15.41,4.3%
2025-12-06T11:00:04.046539+00:00,57.50,51.01,59.10,55.87,685.69,15.41,6.0%,3.3%,94.83,90.9%,15.41,4.3%
2025-12-06T23:15:04.512960+00:00,57.50,51.01,59.10,55.87,685.69,15.41,6.0%,3.3%,94.83,91.1%,15.41,4.3%
2025-12-06T23:45:03.878108+00:00,57.50,51.01,59.10,55.87,685.69,15.41,6.0%,3.3%,94.83,91.3%,15.41,4.3%
2025-12-07T00:00:04.084339+00:00,57.50,51.01,59.10,55.87,685.69,15.41,6.0%,3.3%,94.83,91.5%,15.41,4.3%
2025-12-07T00:15:03.061877+00:00,57.50,51.01,59.10,55.87,685.69,15.41,6.0%,3.3%,94.83,91.7%,15.41,4.3%
2025-12-07T00:30:03.662780+00:00,57.50,51.01,59.10,55.87,685.69,15.41,6.0%,3.3%,94.83,91.8%,15.41,4.3%
2025-12-07T00:45:03.199998+00:00,57.50,51.01,59.10,55.87,685.69,15.41,6.0%,3.3%,94.83,92.0%,15.41,4.3%
2025-12-07T01:00:03.495900+00:00,57.50,51.01,59.10,55.87,685.69,15.41,6.0%,3.3%,94.83,92.2%,15.41,4.3%
2025-12-07T01:15:03.385511+00:00,57.50,51.01,59.10,55.87,685.69,15.41,6.0%,3.3%,94.83,92.3%,15.41,4.3%
2025-12-07T01:30:03.162676+00:00,57.50,51.01,59.10,55.87,685.69,15.41,6.0%,3.3%,94.83,92.5%,15.41,4.3%
2025-12-07T01:45:03.203568+00:00,57.50,51.01,59.10,55.87,685.69,15.41,6.0%,3.3%,94.83,92.6%,15.41,4.3%
2025-12-07T02:00:04.015415+00:00,57.50,51.01,59.10,55.87,685.69,15.41,6.0%,3.3%,94.83,92.7%,15.41,4.3%
2025-12-07T02:15:02.914317+00:00,57.50,51.01,59.10,55.87,685.69,15.41,6.0%,3.3%,94.83,92.9%,15.41,4.3%
2025-12-07T02:30:03.246691+00:00,57.50,51.01,59.10,55.87,685.69,15.41,6.0%,3.3%,94.83,93.0%,15.41,4.3%
2025-12-07T02:45:02.839790+00:00,57.50,51.01,59.10,55.87,685.69,15.41,6.0%,3.3%,94.83,93.1%,15.41,4.3%
2025-12-07T03:00:03.467231+00:00,57.50,51.01,59.10,55.87,685.69,15.41,6.0%,3.3%,94.83,93.2%,15.41,4.3%
2025-12-07T03:15:02.579456+00:00,57.50,51.01,59.10,55.87,685.69,15.41,6.0%,3.3%,94.83,93.3%,15.41,4.3%
2025-12-07T03:30:05.832572+00:00,57.50,51.01,59.10,55.87,685.69,15.41,6.0%,3.3%,94.83,93.4%,15.41,4.3%
2025-12-07T03:45:02.687906+00:00,57.50,51.01,59.10,55.87,685.69,15.41,6.0%,3.3%,94.83,93.5%,15.41,4.3%
2025-12-07T04:00:03.195997+00:00,57.50,51.01,59.10,55.87,685.69,15.41,6.0%,3.3%,94.83,93.7%,15.41,4.3%
2025-12-07T04:15:02.917954+00:00,57.50,51.01,59.10,55.87,685.69,15.41,6.0%,3.3%,94.83,93.8%,15.41,4.3%
2025-12-07T04:30:02.865676+00:00,57.50,51.01,59.10,55.87,685.69,15.41,6.0%,3.3%,94.83,93.8%,15.41,4.3%
2025-12-07T04:45:03.047482+00:00,57.50,51.01,59.10,55.87,685.69,15.41,6.0%,3.3%,94.83,93.9%,15.41,4.3%
2025-12-07T05:00:02.946581+00:00,57.50,51.01,59.10,55.87,685.69,15.41,6.0%,3.3%,94.83,94.0%,15.41,4.3%
2025-12-07T05:15:03.037644+00:00,57.50,51.01,59.10,55.87,685.69,15.41,6.0%,3.3%,94.83,94.1%,15.41,4.3%
2025-12-07T05:30:02.924711+00:00,57.50,51.01,59.10,55.87,685.69,15.41,6.0%,3.3%,94.83,94.2%,15.41,4.3%
2025-12-07T05:45:02.860701+00:00,57.50,51.01,59.10,55.87,685.69,15.41,6.0%,3.3%,94.83,94.3%,15.41,4.3%
2025-12-07T06:00:02.718377+00:00,57.50,51.01,59.10,55.87,685.69,15.41,6.0%,3.3%,94.83,94.4%,15.41,4.3%
2025-12-07T06:15:04.494154+00:00,57.50,51.01,59.10,55.87,685.69,15.41,6.0%,3.3%,94.83,94.4%,15.41,4.3%
2025-12-07T06:30:03.326228+00:00,57.50,51.01,59.10,55.87,685.69,15.41,6.0%,3.3%,94.83,94.5%,15.41,4.3%
2025-12-07T06:45:03.073414+00:00,57.50,51.01,59.10,55.87,685.69,15.41,6.0%,3.3%,94.83,94.6%,15.41,4.3%
2025-12-07T07:00:03.981383+00:00,57.50,51.01,59.10,55.87,685.69,15.41,6.0%,3.3%,94.83,94.7%,15.41,4.3%
2025-12-07T07:15:03.304364+00:00,57.50,51.01,59.10,55.87,685.69,15.41,6.0%,3.3%,94.83,94.7%,15.41,4.3%
2025-12-07T07:30:03.669114+00:00,57.50,51.01,59.10,55.87,685.69,15.41,6.0%,3.3%,94.83,94.8%,15.41,4.3%
2025-12-07T07:45:03.345040+00:00,57.50,51.01,59.10,55.87,685.69,15.41,6.0%,3.3%,94.83,94.9%,15.41,4.3%
2025-12-07T08:00:03.697103+00:00,57.50,51.01,59.10,55.87,685.69,15.41,6.0%,3.3%,94.83,94.9%,15.41,4.3%
2025-12-07T08:15:03.525694+00:00,57.50,51.01,59.10,55.87,685.69,15.41,6.0%,3.3%,94.83,95.0%,15.41,4.3%
2025-12-07T08:30:03.543152+00:00,57.50,51.01,59.10,55.87,685.69,15.41,6.0%,3.3%,94.83,95.1%,15.41,4.3%
2025-12-07T08:45:03.444120+00:00,57.50,51.01,59.10,55.87,685.69,15.41,6.0%,3.3%,94.83,95.1%,15.41,4.3%
2025-12-07T09:00:03.683700+00:00,57.50,51.01,59.10,55.87,685.69,15.41,6.0%,3.3%,94.83,95.2%,15.41,4.3%
2025-12-07T09:15:03.443183+00:00,57.50,51.01,59.10,55.87,685.69,15.41,6.0%,3.3%,94.83,95.2%,15.41,4.3%
2025-12-07T09:30:03.747984+00:00,57.50,51.01,59.10,55.87,685.69,15.41,6.0%,3.3%,94.83,95.3%,15.41,4.3%
2025-12-07T09:45:03.725599+00:00,57.50,51.01,59.10,55.87,685.69,15.41,6.0%,3.3%,94.83,95.3%,15.41,4.3%
2025-12-07T10:00:03.860965+00:00,57.50,51.01,59.10,55.87,685.69,15.41,6.0%,3.3%,94.83,95.4%,15.41,4.3%
2025-12-07T10:15:03.537157+00:00,57.50,51.01,59.10,55.87,685.69,15.41,6.0%,3.3%,94.83,95.5%,15.41,4.3%
2025-12-07T10:30:03.459875+00:00,57.50,51.01,59.10,55.87,685.69,15.41,6.0%,3.3%,94.83,95.5%,15.41,4.3%
2025-12-07T10:45:03.882864+00:00,57.50,51.01,59.10,55.87,685.69,15.41,6.0%,3.3%,94.83,95.6%,15.41,4.3%
2025-12-07T11:00:04.625206+00:00,57.50,51.01,59.10,55.87,685.69,15.41,6.0%,3.3%,94.83,95.6%,15.41,4.3%
2025-12-07T11:15:03.347870+00:00,57.50,51.01,59.10,55.87,685.69,15.41,6.0%,3.3%,94.83,95.7%,15.41,4.3%
2025-12-07T11:30:03.521562+00:00,57.50,51.01,59.10,55.87,685.69,15.41,6.0%,3.3%,94.83,95.7%,15.41,4.3%
2025-12-07T11:45:03.381348+00:00,57.50,51.01,59.10,55.87,685.69,15.41,6.0%,3.3%,94.83,95.7%,15.41,4.3%
2025-12-07T12:15:04.060958+00:00,57.50,51.01,59.10,55.87,685.69,15.41,6.0%,3.3%,94.83,95.8%,15.41,4.3%
2025-12-07T16:15:04.544581+00:00,57.50,51.01,59.10,55.87,685.69,15.41,6.0%,3.3%,94.83,95.8%,15.41,4.3%
2025-12-07T16:30:04.235570+00:00,57.50,51.01,59.10,55.87,685.69,15.41,6.0%,3.3%,94.83,95.9%,15.41,4.3%
2025-12-07T16:45:04.109291+00:00,57.50,51.01,59.10,55.87,685.69,15.41,6.0%,3.3%,94.83,95.9%,15.41,4.3%
2025-12-07T17:00:04.261978+00:00,57.50,51.01,59.10,55.87,685.69,15.41,6.0%,3.3%,94.83,96.0%,15.41,4.3%
2025-12-07T18:15:03.654141+00:00,57.50,51.01,59.10,55.87,685.69,15.41,6.0%,3.3%,94.83,96.0%,15.41,4.3%
2025-12-07T23:00:05.338113+00:00,57.50,51.01,59.10,55.87,685.69,15.41,6.0%,3.3%,94.83,96.0%,15.41,4.3%
2025-12-07T23:15:03.640116+00:00,57.50,51.01,59.10,55.87,685.69,15.41,6.0%,3.3%,94.83,96.1%,15.41,4.3%
2025-12-07T23:30:03.488202+00:00,57.50,51.01,59.10,55.87,685.69,15.41,6.0%,3.3%,94.83,96.1%,15.41,4.3%
2025-12-07T23:45:03.812078+00:00,57.50,51.01,59.10,55.87,685.69,15.41,6.0%,3.3%,94.83,96.2%,15.41,4.3%
2025-12-08T00:00:04.226370+00:00,57.50,51.01,59.10,55.87,685.69,15.41,6.0%,3.3%,94.83,96.2%,15.41,4.3%
2025-12-08T00:15:03.627872+00:00,57.50,51.01,59.10,55.87,685.69,15.41,6.0%,3.3%,94.83,96.2%,15.41,4.3%
2025-12-08T00:30:05.455598+00:00,57.50,51.01,59.10,55.87,685.69,15.41,6.0%,3.3%,94.83,96.3%,15.41,4.3%
2025-12-08T00:45:04.154503+00:00,57.50,51.01,59.10,55.87,685.69,15.41,6.0%,3.3%,94.83,96.3%,15.41,4.3%
2025-12-08T01:00:03.718696+00:00,57.50,51.01,59.10,55.87,685.69,15.41,6.0%,3.3%,94.83,96.3%,15.41,4.3%
2025-12-08T01:15:03.898949+00:00,57.50,51.01,59.10,55.87,685.69,15.41,6.0%,3.3%,94.83,96.4%,15.41,4.3%
2025-12-08T01:30:03.745745+00:00,57.50,51.01,59.10,55.87,685.69,15.41,6.0%,3.3%,94.83,96.4%,15.41,4.3%
2025-12-08T02:15:05.563697+00:00,57.50,51.01,59.10,55.87,685.69,15.41,6.0%,3.3%,94.83,96.4%,15.41,4.3%
2025-12-08T02:30:04.252938+00:00,57.50,51.01,59.10,55.87,685.69,15.41,6.0%,3.3%,94.83,96.5%,15.41,4.3%
2025-12-08T04:00:05.437559+00:00,57.50,51.01,59.10,55.87,685.69,15.41,6.0%,3.3%,94.83,96.5%,15.41,4.3%
2025-12-08T04:15:03.835383+00:00,57.50,51.01,59.10,55.87,685.69,15.41,6.0%,3.3%,94.83,96.5%,15.41,4.3%
2025-12-08T04:30:03.768703+00:00,57.50,51.01,59.10,55.87,685.69,15.41,6.0%,3.3%,94.83,96.6%,15.41,4.3%
2025-12-08T04:45:04.972571+00:00,57.50,51.01,59.10,55.87,685.69,15.41,6.0%,3.3%,94.83,96.6%,15.41,4.3%
2025-12-08T05:00:03.420620+00:00,57.50,51.01,59.10,55.87,685.69,15.41,6.0%,3.3%,94.83,96.6%,15.41,4.3%
2025-12-08T05:15:03.369273+00:00,57.50,51.01,59.10,55.87,685.69,15.41,6.0%,3.3%,94.83,96.6%,15.41,4.3%
2025-12-08T05:30:03.637211+00:00,57.50,51.01,59.10,55.87,685.69,15.41,6.0%,3.3%,94.83,96.7%,15.41,4.3%
2025-12-08T05:45:02.702549+00:00,57.50,51.01,59.10,55.87,685.69,15.41,6.0%,3.3%,94.83,96.7%,15.41,4.3%
2025-12-08T06:00:02.990931+00:00,57.50,51.01,59.10,55.87,685.69,15.41,6.0%,3.3%,94.83,96.7%,15.41,4.3%
2025-12-08T06:15:02.958725+00:00,57.50,51.01,59.10,55.87,685.69,15.41,6.0%,3.3%,94.83,96.7%,15.41,4.3%
2025-12-08T06:30:02.716104+00:00,57.50,51.01,59.10,55.87,685.69,15.41,6.0%,3.3%,94.83,96.8%,15.41,4.3%
2025-12-08T06:45:02.831307+00:00,57.50,51.01,59.10,55.87,685.69,15.41,6.0%,3.3%,94.83,96.8%,15.41,4.3%
2025-12-08T07:00:02.893177+00:00,57.50,51.01,59.10,55.87,685.69,15.41,6.0%,3.3%,94.83,96.8%,15.41,4.3%
2025-12-08T07:15:02.850601+00:00,57.50,51.01,59.10,55.87,685.69,15.41,6.0%,3.3%,94.83,96.9%,15.41,4.3%
2025-12-08T07:30:03.851740+00:00,57.50,51.01,59.10,55.87,685.69,15.41,6.0%,3.3%,94.83,96.9%,15.41,4.3%
2025-12-08T08:00:04.515419+00:00,57.50,51.01,59.10,55.87,685.69,15.41,6.0%,3.3%,94.83,96.9%,15.41,4.3%
2025-12-08T08:15:03.550634+00:00,57.50,51.01,59.10,55.87,685.69,15.41,6.0%,3.3%,94.83,96.9%,15.41,4.3%
2025-12-08T08:30:03.266845+00:00,57.50,51.01,59.10,55.87,685.69,15.41,6.0%,3.3%,94.83,96.9%,16.15,6.1%
2025-12-08T08:45:03.110771+00:00,56.65,51.01,59.10,55.59,685.69,16.14,6.0%,3.6%,89.48,3.0%,16.13,6.0%
2025-12-08T09:15:03.669109+00:00,56.56,51.01,59.10,55.56,685.69,16.22,6.0%,3.6%,88.88,0.8%,16.22,6.2%
2025-12-08T10:00:02.881690+00:00,56.61,51.01,59.10,55.57,685.69,16.18,6.0%,3.6%,89.18,2.2%,16.18,6.1%
2025-12-08T10:15:02.838362+00:00,56.55,51.01,59.10,55.55,685.69,16.23,6.0%,3.6%,88.80,0.7%,16.22,6.2%
2025-12-08T10:30:03.021740+00:00,56.55,51.01,59.10,55.55,685.69,16.23,6.0%,3.6%,88.80,1.5%,16.23,6.3%
2025-12-08T10:45:03.621798+00:00,56.56,51.01,59.10,55.56,685.69,16.22,6.0%,3.6%,88.88,2.2%,16.22,6.2%
2025-12-08T11:00:02.882177+00:00,56.56,51.01,59.10,55.56,685.69,16.22,6.0%,3.6%,88.88,2.2%,16.22,6.2%
2025-12-08T20:00:06.209344+00:00,56.02,50.89,58.99,55.30,682.41,16.76,6.1%,3.9%,85.81,0.0%,16.76,7.5%
2025-12-08T20:15:04.979521+00:00,55.76,50.89,59.02,55.23,682.60,16.87,6.1%,3.9%,84.90,0.0%,16.87,7.8%
2025-12-08T20:30:07.060421+00:00,55.85,50.90,59.03,55.26,682.62,16.85,6.0%,3.9%,85.04,0.7%,16.85,7.7%
2025-12-08T20:45:03.314856+00:00,55.89,50.90,59.03,55.27,682.67,16.86,6.0%,3.9%,84.95,0.7%,16.85,7.7%
2025-12-08T21:00:04.786897+00:00,55.84,50.90,59.03,55.26,682.66,16.85,6.0%,3.9%,85.03,1.4%,16.85,7.7%
2025-12-08T21:15:02.355065+00:00,55.93,50.94,59.18,55.35,683.70,16.64,6.0%,3.8%,86.31,3.5%,16.65,7.3%
2025-12-08T22:45:08.019836+00:00,55.87,50.94,59.17,55.33,683.63,16.66,6.0%,3.8%,86.18,3.4%,16.66,7.3%
2025-12-08T23:00:04.486589+00:00,55.87,50.94,59.17,55.33,683.63,16.66,6.0%,3.8%,86.18,3.4%,16.66,7.3%
2025-12-08T23:15:04.474213+00:00,55.87,50.94,59.17,55.33,683.63,16.66,6.0%,3.8%,86.18,3.4%,16.66,7.3%
2025-12-08T23:30:04.460636+00:00,55.87,50.94,59.17,55.33,683.63,16.66,6.0%,3.8%,86.18,3.4%,16.66,7.3%
2025-12-09T04:30:05.713326+00:00,55.87,50.94,59.17,55.33,683.63,16.66,6.0%,3.8%,86.18,3.4%,16.66,7.3%
2025-12-09T04:45:02.844988+00:00,55.87,50.94,59.17,55.33,683.63,16.66,6.0%,3.8%,86.18,3.3%,16.66,7.3%
2025-12-09T05:00:02.929110+00:00,55.87,50.94,59.17,55.33,683.63,16.66,6.0%,3.8%,86.18,3.3%,16.66,7.3%
2025-12-09T05:15:04.353578+00:00,55.87,50.94,59.17,55.33,683.63,16.66,6.0%,3.8%,86.18,3.3%,16.66,7.3%
2025-12-09T05:30:03.841677+00:00,55.87,50.94,59.17,55.33,683.63,16.66,6.0%,3.8%,86.18,3.3%,16.66,7.3%
2025-12-09T05:45:04.049043+00:00,55.87,50.94,59.17,55.33,683.63,16.66,6.0%,3.8%,86.18,3.2%,16.66,7.3%
2025-12-09T06:00:06.085554+00:00,55.87,50.94,59.17,55.33,683.63,16.66,6.0%,3.8%,86.18,3.2%,16.66,7.3%
2025-12-09T08:00:04.837136+00:00,55.87,50.94,59.17,55.33,683.63,16.66,6.0%,3.8%,86.18,3.2%,16.66,7.3%
2025-12-09T08:15:05.317489+00:00,55.87,50.94,59.17,55.33,683.63,16.66,6.0%,3.8%,86.18,3.2%,16.66,7.3%
2025-12-09T08:30:05.738257+00:00,55.87,50.94,59.17,55.33,683.63,16.66,6.0%,3.8%,86.18,3.2%,16.66,7.3%
2025-12-09T08:45:05.702912+00:00,55.85,50.94,59.17,55.32,683.63,16.68,6.0%,3.9%,86.02,3.1%,16.68,7.3%
2025-12-09T09:00:04.594293+00:00,55.84,50.94,59.17,55.31,683.63,16.69,6.0%,3.9%,85.95,3.1%,16.69,7.4%
2025-12-09T09:15:05.037842+00:00,55.86,50.94,59.17,55.32,683.63,16.67,6.0%,3.8%,86.10,4.3%,16.67,7.3%
2025-12-09T14:45:05.700400+00:00,55.31,50.92,59.16,55.13,683.71,17.15,6.0%,4.1%,82.33,0.0%,17.15,8.5%
2025-12-09T15:00:04.725733+00:00,55.63,50.93,59.25,55.27,684.33,16.99,6.0%,4.0%,83.37,0.6%,16.99,8.1%
2025-12-09T15:30:02.831382+00:00,55.81,50.94,59.23,55.32,684.20,16.86,6.0%,3.9%,84.45,1.2%,16.86,7.8%
2025-12-09T16:00:04.351089+00:00,56.30,50.95,59.26,55.51,684.47,16.76,6.0%,3.9%,85.14,4.2%,16.76,7.5%
2025-12-09T16:15:03.944833+00:00,56.41,50.95,59.32,55.56,684.86,16.70,6.0%,3.9%,85.48,4.8%,16.69,7.4%
2025-12-09T17:00:11.294236+00:00,56.79,50.95,59.33,55.69,684.97,16.60,6.0%,3.8%,86.21,16.2%,16.60,7.1%
2025-12-09T17:15:36.135793+00:00,56.73,50.96,59.33,55.68,684.92,16.56,6.0%,3.8%,86.53,17.3%,16.56,7.0%
2025-12-09T17:30:06.110205+00:00,56.80,50.96,59.30,55.69,684.76,16.56,6.0%,3.8%,86.58,17.8%,16.56,7.0%
2025-12-09T18:00:03.160914+00:00,56.34,50.94,59.23,55.51,684.24,16.68,6.0%,3.9%,85.84,5.9%,16.67,7.3%
2025-12-09T18:45:24.653403+00:00,56.55,50.94,59.12,55.54,683.48,16.61,6.0%,3.8%,86.61,18.7%,16.61,7.2%
2025-12-09T20:15:08.764155+00:00,56.45,50.92,59.13,55.50,683.48,16.65,6.0%,3.8%,86.30,16.9%,16.65,7.3%
2025-12-09T20:30:09.406475+00:00,56.31,50.92,59.09,55.44,683.27,16.73,6.0%,3.9%,85.77,5.2%,16.73,7.5%
2025-12-09T21:00:14.229172+00:00,56.17,50.92,59.03,55.37,682.83,16.77,6.0%,3.9%,85.60,5.2%,16.77,7.5%
2025-12-09T23:30:11.806616+00:00,55.72,50.91,59.06,55.23,683.04,16.93,6.0%,4.0%,84.29,1.1%,16.93,7.9%
2025-12-09T23:45:03.461835+00:00,55.72,50.91,59.06,55.23,683.04,16.93,6.0%,4.0%,84.29,1.1%,16.93,7.9%
2025-12-10T00:15:04.688986+00:00,55.72,50.91,59.06,55.23,683.04,16.93,6.0%,4.0%,84.29,1.1%,16.93,7.9%
2025-12-10T00:30:04.277334+00:00,55.72,50.91,59.06,55.23,683.04,16.93,6.0%,4.0%,84.29,1.1%,16.93,7.9%
2025-12-10T00:45:02.976348+00:00,55.72,50.91,59.06,55.23,683.04,16.93,6.0%,4.0%,84.29,1.1%,16.93,7.9%
2025-12-10T01:00:03.067575+00:00,55.72,50.91,59.06,55.23,683.04,16.93,6.0%,4.0%,84.29,1.1%,16.93,7.9%
2025-12-10T01:15:02.982632+00:00,55.72,50.91,59.06,55.23,683.04,16.93,6.0%,4.0%,84.29,1.1%,16.93,7.9%
2025-12-10T01:30:03.154209+00:00,55.72,50.91,59.06,55.23,683.04,16.93,6.0%,4.0%,84.29,1.1%,16.93,7.9%
2025-12-10T01:45:03.151163+00:00,55.72,50.91,59.06,55.23,683.04,16.93,6.0%,4.0%,84.29,1.1%,16.93,7.9%
2025-12-10T02:00:02.890022+00:00,55.72,50.91,59.06,55.23,683.04,16.93,6.0%,4.0%,84.29,1.1%,16.93,7.9%
2025-12-10T02:15:03.741883+00:00,55.72,50.91,59.06,55.23,683.04,16.93,6.0%,4.0%,84.29,1.1%,16.93,7.9%
2025-12-10T02:30:05.911318+00:00,55.72,50.91,59.06,55.23,683.04,16.93,6.0%,4.0%,84.29,1.1%,16.93,7.9%
2025-12-10T02:45:03.354301+00:00,55.72,50.91,59.06,55.23,683.04,16.93,6.0%,4.0%,84.29,1.1%,16.93,7.9%
2025-12-10T04:00:03.704806+00:00,55.72,50.91,59.06,55.23,683.04,16.93,6.0%,4.0%,84.29,1.1%,16.93,7.9%
2025-12-10T04:15:03.247880+00:00,55.72,50.91,59.06,55.23,683.04,16.93,6.0%,4.0%,84.29,1.1%,16.93,7.9%
2025-12-10T04:30:02.891161+00:00,55.72,50.91,59.06,55.23,683.04,16.93,6.0%,4.0%,84.29,1.1%,16.93,7.9%
2025-12-10T04:45:06.768066+00:00,55.72,50.91,59.06,55.23,683.04,16.93,6.0%,4.0%,84.29,1.0%,16.93,7.9%
2025-12-10T05:00:02.887486+00:00,55.72,50.91,59.06,55.23,683.04,16.93,6.0%,4.0%,84.29,1.0%,16.93,7.9%
2025-12-10T05:15:03.135255+00:00,55.72,50.91,59.06,55.23,683.04,16.93,6.0%,4.0%,84.29,1.0%,16.93,7.9%
2025-12-10T05:30:03.530463+00:00,55.72,50.91,59.06,55.23,683.04,16.93,6.0%,4.0%,84.29,1.0%,16.93,7.9%
2025-12-10T05:45:02.897864+00:00,55.72,50.91,59.06,55.23,683.04,16.93,6.0%,4.0%,84.29,1.0%,16.93,7.9%
2025-12-10T14:15:06.902909+00:00,55.19,50.91,59.06,55.06,683.04,17.39,6.0%,4.2%,80.67,0.0%,17.39,9.0%
2025-12-10T14:30:04.947479+00:00,55.18,50.91,58.85,54.98,682.57,17.39,6.1%,4.2%,80.83,0.5%,17.39,9.0%
2025-12-10T14:45:05.796010+00:00,55.13,50.88,58.87,54.96,682.74,17.44,6.0%,4.2%,80.38,0.0%,17.44,9.2%
2025-12-10T17:00:04.688206+00:00,56.00,50.89,58.99,55.29,683.57,16.99,6.0%,4.0%,83.65,2.5%,16.99,8.1%
2025-12-10T17:15:06.178967+00:00,56.17,50.91,58.94,55.34,683.23,16.93,6.0%,4.0%,84.23,3.0%,16.93,7.9%
2025-12-10T19:45:04.490054+00:00,56.76,50.91,59.12,55.59,684.49,16.67,6.0%,3.8%,85.83,18.9%,16.67,7.3%
2025-12-10T20:00:06.224629+00:00,57.03,50.91,59.59,55.84,687.94,16.57,5.9%,3.8%,85.47,16.8%,16.57,7.1%
2025-12-10T20:15:04.471795+00:00,59.22,51.01,59.67,56.63,688.47,15.69,5.9%,3.4%,92.02,44.3%,15.69,5.0%
2025-12-10T20:45:07.375881+00:00,59.55,51.00,59.66,56.74,688.40,15.70,5.9%,3.4%,91.95,42.6%,15.70,5.0%
2025-12-10T21:00:04.146470+00:00,59.29,51.01,59.59,56.63,687.91,15.71,5.9%,3.4%,92.02,44.9%,15.71,5.0%
2025-12-10T21:15:05.229241+00:00,58.72,50.99,59.54,56.42,687.57,15.81,5.9%,3.5%,91.38,39.8%,15.81,5.2%
2025-12-11T01:15:03.549734+00:00,58.77,50.99,59.54,56.44,687.57,15.77,5.9%,3.4%,91.68,40.6%,15.77,5.2%
2025-12-11T01:30:02.963778+00:00,58.77,50.99,59.54,56.44,687.57,15.77,5.9%,3.4%,91.68,40.4%,15.77,5.2%
2025-12-11T01:45:03.260604+00:00,58.77,50.99,59.54,56.44,687.57,15.77,5.9%,3.4%,91.68,40.2%,15.77,5.2%
2025-12-11T02:00:05.173662+00:00,58.77,50.99,59.54,56.44,687.57,15.77,5.9%,3.4%,91.68,40.0%,15.77,5.2%
2025-12-11T02:15:03.487818+00:00,58.77,50.99,59.54,56.44,687.57,15.77,5.9%,3.4%,91.68,39.8%,15.77,5.2%
2025-12-11T02:30:03.050504+00:00,58.77,50.99,59.54,56.44,687.57,15.77,5.9%,3.4%,91.68,39.6%,15.77,5.2%
2025-12-11T02:45:03.126544+00:00,58.77,50.99,59.54,56.44,687.57,15.77,5.9%,3.4%,91.68,39.4%,15.77,5.2%
2025-12-11T03:00:03.066467+00:00,58.77,50.99,59.54,56.44,687.57,15.77,5.9%,3.4%,91.68,39.3%,15.77,5.2%
2025-12-11T03:15:04.120070+00:00,58.77,50.99,59.54,56.44,687.57,15.77,5.9%,3.4%,91.68,39.1%,15.77,5.2%
2025-12-11T03:45:03.752501+00:00,58.77,50.99,59.54,56.44,687.57,15.77,5.9%,3.4%,91.68,38.9%,15.77,5.2%
2025-12-11T04:00:05.417426+00:00,58.77,50.99,59.54,56.44,687.57,15.77,5.9%,3.4%,91.68,38.7%,15.77,5.2%
2025-12-11T04:15:04.423698+00:00,58.77,50.99,59.54,56.44,687.57,15.77,5.9%,3.4%,91.68,38.5%,15.77,5.2%
2025-12-11T04:30:03.048017+00:00,58.77,50.99,59.54,56.44,687.57,15.77,5.9%,3.4%,91.68,38.4%,15.77,5.2%
2025-12-11T04:45:03.027034+00:00,58.77,50.99,59.54,56.44,687.57,15.77,5.9%,3.4%,91.68,38.2%,15.77,5.2%
2025-12-11T05:00:04.371576+00:00,58.77,50.99,59.54,56.44,687.57,15.77,5.9%,3.4%,91.68,38.0%,15.77,5.2%
2025-12-11T05:15:03.251872+00:00,58.77,50.99,59.54,56.44,687.57,15.77,5.9%,3.4%,91.68,37.8%,15.77,5.2%
2025-12-11T05:30:03.525833+00:00,58.77,50.99,59.54,56.44,687.57,15.77,5.9%,3.4%,91.68,37.7%,15.77,5.2%
2025-12-11T05:45:03.243520+00:00,58.77,50.99,59.54,56.44,687.57,15.77,5.9%,3.4%,91.68,37.5%,15.77,5.2%
2025-12-11T15:00:19.006101+00:00,59.15,50.89,59.11,56.38,682.43,15.99,6.1%,3.5%,91.56,37.3%,15.99,5.7%
2025-12-11T15:15:12.127622+00:00,57.63,50.79,59.47,55.97,685.08,16.62,6.0%,3.8%,86.02,18.6%,16.62,7.2%
2025-12-11T20:00:04.075930+00:00,61.07,50.99,60.01,57.36,688.91,15.14,5.9%,3.2%,95.88,100.0%,15.14,3.6%
2025-12-11T20:15:28.952445+00:00,61.03,50.99,59.99,57.34,688.78,15.13,5.9%,3.2%,95.98,100.0%,15.13,3.6%
2025-12-12T04:45:08.247159+00:00,61.31,50.99,60.04,57.45,689.17,14.85,5.9%,3.1%,97.86,100.0%,14.85,2.9%
2025-12-12T05:00:04.960460+00:00,61.31,50.99,60.04,57.45,689.17,14.85,5.9%,3.1%,97.86,100.0%,14.85,2.9%
2025-12-12T05:15:03.783789+00:00,61.31,50.99,60.04,57.45,689.17,14.85,5.9%,3.1%,97.86,100.0%,14.85,2.9%
2025-12-12T05:30:03.648264+00:00,61.31,50.99,60.04,57.45,689.17,14.85,5.9%,3.1%,97.86,100.0%,14.85,2.9%
2025-12-12T05:45:03.075565+00:00,61.31,50.99,60.04,57.45,689.17,14.85,5.9%,3.1%,97.86,100.0%,14.85,2.9%
2025-12-12T06:00:04.364011+00:00,61.31,50.99,60.04,57.45,689.17,14.85,5.9%,3.1%,97.86,100.0%,14.85,2.9%
2025-12-12T06:15:07.892252+00:00,61.31,50.99,60.04,57.45,689.17,14.85,5.9%,3.1%,97.86,100.0%,14.85,2.9%
2025-12-12T06:30:11.426694+00:00,61.31,50.99,60.04,57.45,689.17,14.85,5.9%,3.1%,97.86,100.0%,14.85,2.9%
2025-12-12T06:45:03.744255+00:00,61.31,50.99,60.04,57.45,689.17,14.85,5.9%,3.1%,97.86,100.0%,14.85,2.9%
2025-12-12T07:00:04.767270+00:00,61.31,50.99,60.04,57.45,689.17,14.85,5.9%,3.1%,97.86,100.0%,14.85,2.9%
2025-12-12T07:15:05.055330+00:00,61.31,50.99,60.04,57.45,689.17,14.85,5.9%,3.1%,97.86,100.0%,14.85,2.9%
2025-12-12T15:00:20.852573+00:00,60.84,50.91,60.09,57.28,687.38,14.97,5.9%,3.1%,97.51,95.4%,14.98,3.3%
2025-12-12T15:15:11.490619+00:00,60.71,50.93,59.89,57.17,685.91,15.05,6.0%,3.1%,97.31,95.0%,15.05,3.4%
2025-12-12T15:37:44.232227+00:00,N/A,N/A,N/A,N/A,N/A,N/A,6.0%,N/A,N/A,N/A,15.54,4.6%
2025-12-12T16:00:26.107613+00:00,59.48,50.87,59.33,56.56,681.75,15.56,6.1%,3.4%,94.82,47.9%,15.56,4.6%
2025-12-12T16:15:19.599009+00:00,57.81,50.76,59.23,55.93,681.16,16.54,6.1%,3.8%,87.86,27.2%,16.54,7.0%
2025-12-12T16:45:23.987295+00:00,56.74,50.74,59.14,55.54,680.53,17.12,6.1%,4.1%,83.64,2.0%,17.12,8.4%
2025-12-12T17:00:23.481002+00:00,56.21,50.73,59.18,55.37,680.85,17.32,6.1%,4.2%,81.97,1.2%,17.32,8.9%
2025-12-12T18:15:14.019931+00:00,58.14,50.79,59.59,56.17,683.78,16.23,6.0%,3.6%,89.38,31.7%,16.23,6.3%
2025-12-13T01:45:20.879962+00:00,57.91,50.78,59.31,56.00,681.76,15.74,6.1%,3.4%,93.56,48.6%,15.74,5.1%
2025-12-13T02:00:04.061890+00:00,57.91,50.78,59.31,56.00,681.76,15.74,6.1%,3.4%,93.56,48.8%,15.74,5.1%
2025-12-13T02:15:05.006362+00:00,57.91,50.78,59.31,56.00,681.76,15.74,6.1%,3.4%,93.56,49.0%,15.74,5.1%
2025-12-13T02:30:02.923770+00:00,57.91,50.78,59.31,56.00,681.76,15.74,6.1%,3.4%,93.56,49.2%,15.74,5.1%
2025-12-13T02:45:18.177118+00:00,57.91,50.78,59.31,56.00,681.76,15.74,6.1%,3.4%,93.56,49.4%,15.74,5.1%
2025-12-13T03:00:03.905797+00:00,57.91,50.78,59.31,56.00,681.76,15.74,6.1%,3.4%,93.56,49.6%,15.74,5.1%
2025-12-13T03:15:03.373773+00:00,57.91,50.78,59.31,56.00,681.76,15.74,6.1%,3.4%,93.56,49.8%,15.74,5.1%
2025-12-13T03:30:03.659497+00:00,57.91,50.78,59.31,56.00,681.76,15.74,6.1%,3.4%,93.56,50.0%,15.74,5.1%
2025-12-13T03:45:03.333458+00:00,57.91,50.78,59.31,56.00,681.76,15.74,6.1%,3.4%,93.56,50.2%,15.74,5.1%
2025-12-13T04:00:03.285848+00:00,57.91,50.78,59.31,56.00,681.76,15.74,6.1%,3.4%,93.56,50.4%,15.74,5.1%
2025-12-13T04:15:02.916589+00:00,57.91,50.78,59.31,56.00,681.76,15.74,6.1%,3.4%,93.56,50.6%,15.74,5.1%
2025-12-13T04:30:03.546685+00:00,57.91,50.78,59.31,56.00,681.76,15.74,6.1%,3.4%,93.56,50.8%,15.74,5.1%
2025-12-13T05:00:04.961866+00:00,57.91,50.78,59.31,56.00,681.76,15.74,6.1%,3.4%,93.56,51.0%,15.74,5.1%
2025-12-13T05:15:04.093268+00:00,57.91,50.78,59.31,56.00,681.76,15.74,6.1%,3.4%,93.56,51.2%,15.74,5.1%
2025-12-13T05:30:03.385162+00:00,57.91,50.78,59.31,56.00,681.76,15.74,6.1%,3.4%,93.56,51.3%,15.74,5.1%
2025-12-13T05:45:03.511513+00:00,57.91,50.78,59.31,56.00,681.76,15.74,6.1%,3.4%,93.56,51.5%,15.74,5.1%
2025-12-13T06:00:04.334461+00:00,57.91,50.78,59.31,56.00,681.76,15.74,6.1%,3.4%,93.56,51.7%,15.74,5.1%
2025-12-13T06:15:03.276171+00:00,57.91,50.78,59.31,56.00,681.76,15.74,6.1%,3.4%,93.56,51.9%,15.74,5.1%
2025-12-13T18:15:05.557718+00:00,57.91,50.78,59.31,56.00,681.76,15.74,6.1%,3.4%,93.56,52.1%,15.74,5.1%
2025-12-13T18:30:07.295440+00:00,57.91,50.78,59.31,56.00,681.76,15.74,6.1%,3.4%,93.56,52.3%,15.74,5.1%
2025-12-13T18:45:06.867148+00:00,57.91,50.78,59.31,56.00,681.76,15.74,6.1%,3.4%,93.56,52.4%,15.74,5.1%
2025-12-13T19:00:08.096437+00:00,57.91,50.78,59.31,56.00,681.76,15.74,6.1%,3.4%,93.56,52.6%,15.74,5.1%
2025-12-14T00:00:03.962452+00:00,57.91,50.78,59.31,56.00,681.76,15.74,6.1%,3.4%,93.56,52.8%,15.74,5.1%
2025-12-14T00:15:13.195498+00:00,57.91,50.78,59.31,56.00,681.76,15.74,6.1%,3.4%,93.56,53.0%,15.74,5.1%
2025-12-14T00:30:04.434170+00:00,57.91,50.78,59.31,56.00,681.76,15.74,6.1%,3.4%,93.56,53.1%,15.74,5.1%
2025-12-14T00:45:05.179064+00:00,57.91,50.78,59.31,56.00,681.76,15.74,6.1%,3.4%,93.56,53.3%,15.74,5.1%
2025-12-14T01:30:08.522688+00:00,57.91,50.78,59.31,56.00,681.76,15.74,6.1%,3.4%,93.56,53.5%,15.74,5.1%
2025-12-14T01:45:04.617109+00:00,57.91,50.78,59.31,56.00,681.76,15.74,6.1%,3.4%,93.56,53.6%,15.74,5.1%
2025-12-14T02:00:02.907190+00:00,57.91,50.78,59.31,56.00,681.76,15.74,6.1%,3.4%,93.56,53.8%,15.74,5.1%
2025-12-14T02:15:03.234529+00:00,57.91,50.78,59.31,56.00,681.76,15.74,6.1%,3.4%,93.56,54.0%,15.74,5.1%
2025-12-14T02:30:03.619308+00:00,57.91,50.78,59.31,56.00,681.76,15.74,6.1%,3.4%,93.56,54.2%,15.74,5.1%
2025-12-14T02:45:10.037308+00:00,57.91,50.78,59.31,56.00,681.76,15.74,6.1%,3.4%,93.56,54.3%,15.74,5.1%
2025-12-14T03:00:03.107179+00:00,57.91,50.78,59.31,56.00,681.76,15.74,6.1%,3.4%,93.56,54.5%,15.74,5.1%
2025-12-14T03:15:03.249151+00:00,57.91,50.78,59.31,56.00,681.76,15.74,6.1%,3.4%,93.56,54.6%,15.74,5.1%
2025-12-14T03:30:03.022980+00:00,57.91,50.78,59.31,56.00,681.76,15.74,6.1%,3.4%,93.56,54.8%,15.74,5.1%
2025-12-14T04:30:08.026588+00:00,57.91,50.78,59.31,56.00,681.76,15.74,6.1%,3.4%,93.56,55.0%,15.74,5.1%
2025-12-14T05:00:06.081184+00:00,57.91,50.78,59.31,56.00,681.76,15.74,6.1%,3.4%,93.56,55.1%,15.74,5.1%
2025-12-14T05:15:05.282864+00:00,57.91,50.78,59.31,56.00,681.76,15.74,6.1%,3.4%,93.56,55.3%,15.74,5.1%
2025-12-14T05:30:12.718173+00:00,57.91,50.78,59.31,56.00,681.76,15.74,6.1%,3.4%,93.56,55.4%,15.74,5.1%
2025-12-14T05:45:03.214421+00:00,57.91,50.78,59.31,56.00,681.76,15.74,6.1%,3.4%,93.56,55.6%,15.74,5.1%
2025-12-14T06:00:07.730394+00:00,57.92,50.78,59.31,56.00,681.76,15.74,6.1%,3.4%,93.56,55.7%,15.74,5.1%
2025-12-14T21:30:04.722103+00:00,57.92,50.78,59.31,56.00,681.76,15.74,6.1%,3.4%,93.56,55.9%,15.74,5.1%
2025-12-14T21:45:04.821417+00:00,57.92,50.78,59.31,56.00,681.76,15.74,6.1%,3.4%,93.56,56.1%,15.74,5.1%
2025-12-14T22:00:03.993006+00:00,57.92,50.78,59.31,56.00,681.76,15.74,6.1%,3.4%,93.56,56.2%,15.74,5.1%
2025-12-14T22:15:03.648693+00:00,57.92,50.78,59.31,56.00,681.76,15.74,6.1%,3.4%,93.56,56.4%,15.74,5.1%
2025-12-14T22:30:03.827109+00:00,57.92,50.78,59.31,56.00,681.76,15.74,6.1%,3.4%,93.56,56.5%,15.74,5.1%
2025-12-14T22:45:04.679543+00:00,57.92,50.78,59.31,56.00,681.76,15.74,6.1%,3.4%,93.56,56.7%,15.74,5.1%
2025-12-14T23:00:04.341174+00:00,57.92,50.78,59.31,56.00,681.76,15.74,6.1%,3.4%,93.56,56.8%,15.74,5.1%
2025-12-14T23:15:05.286553+00:00,57.92,50.78,59.31,56.00,681.76,15.74,6.1%,3.4%,93.56,56.9%,15.74,5.1%
2025-12-14T23:30:03.613114+00:00,57.92,50.78,59.31,56.00,681.76,15.74,6.1%,3.4%,93.56,57.1%,15.74,5.1%
2025-12-14T23:45:04.600326+00:00,57.92,50.78,59.31,56.00,681.76,15.74,6.1%,3.4%,93.56,57.2%,15.74,5.1%
2025-12-15T00:00:05.056859+00:00,57.92,50.78,59.31,56.00,681.76,15.74,6.1%,3.4%,93.56,57.4%,15.74,5.1%
2025-12-15T00:15:03.527471+00:00,57.92,50.78,59.31,56.00,681.76,15.74,6.1%,3.4%,93.56,57.5%,15.74,5.1%
2025-12-15T00:30:04.089973+00:00,57.92,50.78,59.31,56.00,681.76,15.74,6.1%,3.4%,93.56,57.7%,15.74,5.1%
2025-12-15T00:45:03.567711+00:00,57.92,50.78,59.31,56.00,681.76,15.74,6.1%,3.4%,93.56,57.8%,15.74,5.1%
2025-12-15T01:00:03.777744+00:00,57.92,50.78,59.31,56.00,681.76,15.74,6.1%,3.4%,93.56,57.9%,15.74,5.1%
2025-12-15T01:15:03.865592+00:00,57.92,50.78,59.31,56.00,681.76,15.74,6.1%,3.4%,93.56,58.1%,15.74,5.1%
2025-12-15T01:30:08.501302+00:00,57.92,50.78,59.31,56.00,681.76,15.74,6.1%,3.4%,93.56,58.2%,15.74,5.1%
2025-12-15T01:45:08.584263+00:00,57.92,50.78,59.31,56.00,681.76,15.74,6.1%,3.4%,93.56,58.4%,15.74,5.1%
2025-12-15T02:00:10.741453+00:00,57.92,50.78,59.31,56.00,681.76,15.74,6.1%,3.4%,93.56,58.5%,15.74,5.1%
2025-12-15T02:15:08.285614+00:00,57.92,50.78,59.31,56.00,681.76,15.74,6.1%,3.4%,93.56,58.6%,15.74,5.1%
2025-12-15T02:30:24.287021+00:00,57.92,50.78,59.31,56.00,681.76,15.74,6.1%,3.4%,93.56,58.8%,15.74,5.1%
2025-12-15T02:45:24.258323+00:00,57.92,50.78,59.31,56.00,681.76,15.74,6.1%,3.4%,93.56,58.9%,15.74,5.1%
2025-12-15T03:00:31.691633+00:00,57.92,50.78,59.31,56.00,681.76,15.74,6.1%,3.4%,93.56,59.0%,15.74,5.1%
2025-12-15T03:15:09.596820+00:00,57.92,50.78,59.31,56.00,681.76,15.74,6.1%,3.4%,93.56,59.2%,15.74,5.1%
2025-12-15T03:30:07.966262+00:00,57.92,50.78,59.31,56.00,681.76,15.74,6.1%,3.4%,93.56,59.3%,15.74,5.1%
2025-12-15T03:45:03.676732+00:00,57.92,50.78,59.31,56.00,681.76,15.74,6.1%,3.4%,93.56,59.4%,15.74,5.1%
2025-12-15T04:00:08.295000+00:00,57.92,50.78,59.31,56.00,681.76,15.74,6.1%,3.4%,93.56,59.6%,15.74,5.1%
2025-12-15T04:15:03.984680+00:00,57.92,50.78,59.31,56.00,681.76,15.74,6.1%,3.4%,93.56,59.7%,15.74,5.1%
2025-12-15T04:30:03.649238+00:00,57.92,50.78,59.31,56.00,681.76,15.74,6.1%,3.4%,93.56,59.8%,15.74,5.1%
2025-12-15T04:45:03.623448+00:00,57.92,50.78,59.31,56.00,681.76,15.74,6.1%,3.4%,93.56,59.9%,15.74,5.1%
2025-12-15T05:00:04.799355+00:00,57.92,50.78,59.31,56.00,681.76,15.74,6.1%,3.4%,93.56,60.1%,15.74,5.1%
2025-12-15T05:15:06.032559+00:00,57.92,50.78,59.31,56.00,681.76,15.74,6.1%,3.4%,93.56,60.2%,15.74,5.1%
2025-12-15T05:45:03.295810+00:00,57.92,50.78,59.31,56.00,681.76,15.74,6.1%,3.4%,93.56,60.3%,15.74,5.1%
2025-12-15T06:00:26.837590+00:00,57.92,50.78,59.31,56.00,681.76,15.74,6.1%,3.4%,93.56,60.4%,15.74,5.1%
2025-12-15T06:15:08.935305+00:00,57.92,50.78,59.31,56.00,681.76,15.74,6.1%,3.4%,93.56,60.6%,15.74,5.1%
2025-12-15T06:30:03.579484+00:00,57.92,50.78,59.31,56.00,681.76,15.74,6.1%,3.4%,93.56,60.7%,15.74,5.1%
2025-12-15T06:45:17.870741+00:00,57.92,50.78,59.31,56.00,681.76,15.74,6.1%,3.4%,93.56,60.8%,15.74,5.1%
2025-12-15T07:00:18.073700+00:00,57.92,50.78,59.31,56.00,681.76,15.74,6.1%,3.4%,93.56,60.9%,15.74,5.1%
2025-12-15T14:15:19.599145+00:00,57.57,50.78,59.31,55.89,681.76,16.05,6.1%,3.6%,91.32,26.4%,16.06,5.8%
2025-12-15T14:30:22.042084+00:00,57.62,50.78,59.83,56.07,685.47,16.05,6.0%,3.6%,90.22,25.1%,16.05,5.8%
2025-12-15T14:45:33.932058+00:00,58.33,50.86,59.59,56.26,683.79,16.09,6.0%,3.6%,90.43,25.3%,16.09,5.9%
2025-12-15T15:30:13.963957+00:00,56.47,50.73,59.01,55.41,679.65,16.78,6.1%,3.9%,86.54,19.8%,16.78,7.6%
2025-12-15T17:00:41.065461+00:00,55.73,50.73,59.24,55.23,681.20,16.78,6.1%,3.9%,86.04,13.9%,16.78,7.6%
2025-12-15T17:15:24.760630+00:00,55.92,50.74,59.15,55.27,680.62,16.69,6.1%,3.9%,86.90,20.8%,16.69,7.4%
2025-12-15T17:30:22.455142+00:00,56.00,50.73,59.20,55.31,680.92,16.66,6.1%,3.8%,87.04,21.1%,16.66,7.3%
2025-12-15T18:45:16.425125+00:00,55.71,50.71,59.11,55.18,680.29,16.79,6.1%,3.9%,86.23,18.9%,16.79,7.6%
2025-12-15T19:00:21.197600+00:00,55.80,50.72,59.21,55.24,681.00,16.74,6.1%,3.9%,86.40,19.8%,16.74,7.5%
2025-12-15T19:15:23.123726+00:00,56.32,50.74,59.19,55.42,680.91,16.51,6.1%,3.8%,88.17,22.4%,16.51,6.9%
2025-12-15T20:15:24.663265+00:00,56.46,50.75,59.25,55.48,681.28,16.43,6.1%,3.7%,88.64,22.6%,16.43,6.7%
2025-12-15T20:45:16.489765+00:00,56.16,50.74,59.16,55.35,680.65,16.49,6.1%,3.8%,88.40,22.6%,16.48,6.9%
2025-12-15T21:00:06.816751+00:00,55.96,50.72,58.58,55.09,680.95,16.61,6.1%,3.8%,87.40,21.6%,16.61,7.2%
2025-12-15T22:06:33.379596+00:00,N/A,N/A,N/A,N/A,N/A,N/A,N/A,N/A,N/A,N/A,N/A,N/A
2025-12-15T23:30:03.669452+00:00,55.93,50.72,58.55,55.07,680.73,16.50,6.1%,3.8%,88.30,22.7%,16.50,6.9%
2025-12-15T23:45:04.602347+00:00,55.93,50.72,58.55,55.07,680.73,16.50,6.1%,3.8%,88.30,22.6%,16.50,6.9%
2025-12-16T00:00:03.479262+00:00,55.93,50.72,58.55,55.07,680.73,16.50,6.1%,3.8%,88.30,22.6%,16.50,6.9%
2025-12-16T03:30:03.618657+00:00,55.93,50.72,58.55,55.07,680.73,16.50,6.1%,3.8%,88.30,22.5%,16.50,6.9%
2025-12-16T03:45:04.575788+00:00,55.93,50.72,58.55,55.07,680.73,16.50,6.1%,3.8%,88.30,22.4%,16.50,6.9%
2025-12-16T04:00:09.034454+00:00,55.93,50.72,58.55,55.07,680.73,16.50,6.1%,3.8%,88.30,22.4%,16.50,6.9%
2025-12-16T04:15:03.615294+00:00,55.93,50.72,58.55,55.07,680.73,16.50,6.1%,3.8%,88.30,22.3%,16.50,6.9%
2025-12-16T04:45:03.803904+00:00,55.93,50.72,58.55,55.07,680.73,16.50,6.1%,3.8%,88.30,22.3%,16.50,6.9%
2025-12-16T06:00:03.703655+00:00,55.93,50.72,58.55,55.07,680.73,16.50,6.1%,3.8%,88.30,22.2%,16.50,6.9%
2025-12-16T06:15:03.782544+00:00,55.93,50.72,58.55,55.07,680.73,16.50,6.1%,3.8%,88.30,22.1%,16.50,6.9%
2025-12-16T06:30:17.862128+00:00,55.93,50.72,58.55,55.07,680.73,16.50,6.1%,3.8%,88.30,22.1%,16.50,6.9%
2025-12-16T06:45:03.627413+00:00,55.93,50.72,58.55,55.07,680.73,16.50,6.1%,3.8%,88.30,22.0%,16.50,6.9%
2025-12-16T07:00:03.952649+00:00,55.93,50.72,58.55,55.07,680.73,16.50,6.1%,3.8%,88.30,21.9%,16.50,6.9%
2025-12-16T07:15:05.000001+00:00,55.93,50.72,58.55,55.07,680.73,16.50,6.1%,3.8%,88.30,21.9%,16.50,6.9%
2025-12-16T07:30:04.121361+00:00,55.93,50.72,58.55,55.07,680.73,16.50,6.1%,3.8%,88.30,21.8%,16.50,6.9%
2025-12-16T08:00:03.607629+00:00,55.93,50.72,58.55,55.07,680.73,16.50,6.1%,3.8%,88.30,21.8%,16.50,6.9%
2025-12-16T08:30:03.598558+00:00,55.03,50.72,58.55,54.77,680.73,17.28,6.1%,4.1%,82.33,1.1%,17.28,8.8%
2025-12-16T09:00:03.691658+00:00,55.18,50.72,58.55,54.82,680.73,17.15,6.1%,4.1%,83.34,1.7%,17.15,8.5%
2025-12-16T15:15:12.418472+00:00,55.85,50.72,57.72,54.76,679.40,16.58,6.1%,3.8%,88.11,21.8%,16.58,7.1%
2025-12-16T15:30:11.312277+00:00,55.36,50.68,57.52,54.52,677.65,16.76,6.2%,3.9%,87.19,20.9%,16.76,7.5%
2025-12-16T16:00:14.682639+00:00,54.94,50.65,57.65,54.41,678.92,16.96,6.2%,4.0%,85.42,10.6%,16.96,8.0%
2025-12-16T16:15:24.481758+00:00,55.35,50.67,57.47,54.50,677.61,16.69,6.2%,3.9%,87.83,21.9%,16.69,7.4%
2025-12-16T16:30:22.698237+00:00,54.76,50.63,57.37,54.25,676.86,16.87,6.2%,3.9%,86.73,20.5%,16.87,7.8%
2025-12-16T16:45:16.756554+00:00,54.48,50.61,57.44,54.18,677.29,17.04,6.2%,4.0%,85.28,10.5%,17.04,8.2%
2025-12-16T17:00:19.916626+00:00,54.52,50.63,57.57,54.24,678.29,16.94,6.2%,4.0%,85.73,11.8%,16.93,7.9%
2025-12-16T17:15:16.085320+00:00,55.01,50.66,57.62,54.43,678.68,16.63,6.2%,3.8%,87.97,23.1%,16.63,7.2%
2025-12-16T17:30:11.168238+00:00,55.04,50.67,57.49,54.40,677.70,16.55,6.2%,3.8%,88.84,29.3%,16.55,7.0%
2025-12-16T21:15:09.812515+00:00,55.25,50.69,57.64,54.53,678.84,16.45,6.2%,3.7%,89.24,30.9%,16.45,6.8%
2025-12-16T21:30:08.337918+00:00,55.22,50.69,57.65,54.52,678.84,16.48,6.2%,3.8%,89.01,30.2%,16.48,6.9%
2025-12-17T02:15:03.474228+00:00,55.22,50.69,57.65,54.52,678.87,16.48,6.2%,3.8%,89.01,30.4%,16.48,6.9%
2025-12-17T02:45:03.915012+00:00,55.22,50.69,57.65,54.52,678.87,16.48,6.2%,3.8%,89.01,30.6%,16.48,6.9%
2025-12-17T03:00:03.315607+00:00,55.22,50.69,57.65,54.52,678.87,16.48,6.2%,3.8%,89.01,30.8%,16.48,6.9%
2025-12-17T03:15:07.513385+00:00,55.22,50.69,57.65,54.52,678.87,16.48,6.2%,3.8%,89.01,31.0%,16.48,6.9%
2025-12-17T03:30:14.381842+00:00,55.22,50.69,57.65,54.52,678.87,16.48,6.2%,3.8%,89.01,31.2%,16.48,6.9%
2025-12-17T03:45:26.191832+00:00,55.22,50.69,57.65,54.52,678.87,16.48,6.2%,3.8%,89.01,31.4%,16.48,6.9%
2025-12-17T04:00:03.806130+00:00,55.22,50.69,57.65,54.52,678.87,16.48,6.2%,3.8%,89.01,31.6%,16.48,6.9%
2025-12-17T04:15:03.907898+00:00,55.22,50.69,57.65,54.52,678.87,16.48,6.2%,3.8%,89.01,31.7%,16.48,6.9%
2025-12-17T04:30:03.719581+00:00,55.22,50.69,57.65,54.52,678.87,16.48,6.2%,3.8%,89.01,31.9%,16.48,6.9%
2025-12-17T04:45:08.772838+00:00,55.22,50.69,57.65,54.52,678.87,16.48,6.2%,3.8%,89.01,32.1%,16.48,6.9%
2025-12-17T05:00:03.608389+00:00,55.22,50.69,57.65,54.52,678.87,16.48,6.2%,3.8%,89.01,32.3%,16.48,6.9%
2025-12-17T05:15:03.607511+00:00,55.22,50.69,57.65,54.52,678.87,16.48,6.2%,3.8%,89.01,32.5%,16.48,6.9%
2025-12-17T05:30:05.038882+00:00,55.22,50.69,57.65,54.52,678.87,16.48,6.2%,3.8%,89.01,32.6%,16.48,6.9%
2025-12-17T06:45:03.211791+00:00,55.22,50.69,57.65,54.52,678.87,16.48,6.2%,3.8%,89.01,32.8%,16.48,6.9%
2025-12-17T07:00:03.339341+00:00,55.22,50.69,57.65,54.52,678.87,16.48,6.2%,3.8%,89.01,33.0%,16.48,6.9%
2025-12-17T07:15:03.410819+00:00,55.22,50.69,57.65,54.52,678.87,16.48,6.2%,3.8%,89.01,33.2%,16.48,6.9%
2025-12-17T07:30:03.542893+00:00,55.22,50.69,57.65,54.52,678.87,16.48,6.2%,3.8%,89.01,33.3%,16.48,6.9%
2025-12-17T07:45:03.364725+00:00,55.22,50.69,57.65,54.52,678.87,16.48,6.2%,3.8%,89.01,33.5%,16.48,6.9%
2025-12-17T08:00:03.426370+00:00,55.22,50.69,57.65,54.52,678.87,16.48,6.2%,3.8%,89.01,33.7%,16.48,6.9%
2025-12-17T08:15:03.361433+00:00,55.22,50.69,57.65,54.52,678.87,16.48,6.2%,3.8%,89.01,33.9%,16.48,6.9%
2025-12-17T08:30:03.264637+00:00,55.25,50.69,57.65,54.53,678.87,16.45,6.2%,3.7%,89.24,34.5%,16.45,6.8%
2025-12-17T09:00:04.116188+00:00,55.34,50.69,57.65,54.56,678.87,16.37,6.2%,3.7%,89.82,36.2%,16.36,6.6%
2025-12-17T15:15:04.246170+00:00,56.26,50.65,56.92,54.61,678.92,16.21,6.2%,3.6%,90.97,37.4%,16.21,6.2%
2025-12-17T22:15:10.449059+00:00,52.26,50.43,55.88,52.86,671.40,17.62,6.4%,4.3%,82.81,1.5%,17.62,9.6%
2025-12-18T03:45:08.568082+00:00,52.26,50.43,55.88,52.86,671.40,17.62,6.4%,4.3%,82.81,1.8%,17.62,9.6%
2025-12-18T04:00:09.531132+00:00,52.26,50.43,55.88,52.86,671.40,17.62,6.4%,4.3%,82.81,2.0%,17.62,9.6%
2025-12-18T04:15:03.919334+00:00,52.26,50.43,55.88,52.86,671.40,17.62,6.4%,4.3%,82.81,2.3%,17.62,9.6%
2025-12-18T04:30:05.722286+00:00,52.26,50.43,55.88,52.86,671.40,17.62,6.4%,4.3%,82.81,2.5%,17.62,9.6%
2025-12-18T04:45:05.063589+00:00,52.26,50.43,55.88,52.86,671.40,17.62,6.4%,4.3%,82.81,2.8%,17.62,9.6%
2025-12-18T05:00:07.564808+00:00,52.26,50.43,55.88,52.86,671.40,17.62,6.4%,4.3%,82.81,3.0%,17.62,9.6%
2025-12-18T05:15:04.160212+00:00,52.26,50.43,55.88,52.86,671.40,17.62,6.4%,4.3%,82.81,3.3%,17.62,9.6%
2025-12-18T05:30:03.449485+00:00,52.26,50.43,55.88,52.86,671.40,17.62,6.4%,4.3%,82.81,3.5%,17.62,9.6%
2025-12-18T05:45:09.157052+00:00,52.26,50.43,55.88,52.86,671.40,17.62,6.4%,4.3%,82.81,3.8%,17.62,9.6%
2025-12-18T06:00:03.265902+00:00,52.26,50.43,55.88,52.86,671.40,17.62,6.4%,4.3%,82.81,4.0%,17.62,9.6%
2025-12-18T06:15:03.460338+00:00,52.26,50.43,55.88,52.86,671.40,17.62,6.4%,4.3%,82.81,4.2%,17.62,9.6%
2025-12-18T06:30:03.212662+00:00,52.26,50.43,55.88,52.86,671.40,17.62,6.4%,4.3%,82.81,4.5%,17.62,9.6%
2025-12-18T06:45:03.276889+00:00,52.26,50.43,55.88,52.86,671.40,17.62,6.4%,4.3%,82.81,4.7%,17.62,9.6%
2025-12-18T07:00:03.112250+00:00,52.26,50.43,55.88,52.86,671.40,17.62,6.4%,4.3%,82.81,4.9%,17.62,9.6%
2025-12-18T07:15:03.363348+00:00,52.26,50.43,55.88,52.86,671.40,17.62,6.4%,4.3%,82.81,5.2%,17.62,9.6%
2025-12-18T07:30:03.194719+00:00,52.10,50.43,55.88,52.80,671.40,17.62,6.4%,4.3%,82.81,5.4%,17.62,9.6%
2025-12-18T07:45:05.140620+00:00,52.26,50.43,55.88,52.86,671.40,17.62,6.4%,4.3%,82.81,5.6%,17.62,9.6%
2025-12-18T08:00:03.591777+00:00,52.26,50.43,55.88,52.86,671.40,17.62,6.4%,4.3%,82.81,5.9%,17.62,9.6%
2025-12-18T08:15:03.823785+00:00,52.26,50.43,55.88,52.86,671.40,17.62,6.4%,4.3%,82.81,6.1%,17.62,9.6%
2025-12-18T08:30:05.608849+00:00,52.27,50.43,55.88,52.86,671.40,17.61,6.4%,4.3%,82.89,6.3%,17.61,9.6%
2025-12-18T08:45:06.843372+00:00,52.22,50.43,55.88,52.84,671.40,17.66,6.4%,4.3%,82.51,1.5%,17.66,9.7%
2025-12-18T09:00:04.598163+00:00,52.26,50.43,55.88,52.86,671.40,17.62,6.4%,4.3%,82.81,6.5%,17.62,9.6%
2025-12-18T14:15:23.240208+00:00,53.28,50.43,55.88,53.20,671.40,16.74,6.4%,3.9%,89.36,38.9%,16.74,7.5%
2025-12-18T14:30:17.083197+00:00,53.48,50.43,55.36,53.09,677.60,16.64,6.2%,3.8%,88.24,26.5%,16.63,7.2%
2025-12-18T14:45:25.560315+00:00,54.74,50.59,55.22,53.52,676.55,16.68,6.2%,3.9%,88.24,26.4%,16.68,7.3%
2025-12-18T15:00:26.035080+00:00,54.78,50.55,55.45,53.59,678.27,16.84,6.2%,3.9%,86.54,23.0%,16.84,7.7%
2025-12-18T15:30:36.085837+00:00,N/A,N/A,N/A,N/A,678.96,16.79,6.2%,3.9%,86.74,24.2%,16.79,7.6%
2025-12-18T17:30:24.386306+00:00,N/A,N/A,N/A,N/A,N/A,17.05,6.3%,4.0%,85.72,15.8%,17.10,8.3%
2025-12-18T19:30:06.099233+00:00,54.49,50.61,55.30,53.47,677.11,16.68,6.2%,3.9%,88.07,26.4%,16.68,7.3%
2025-12-19T15:45:23.675354+00:00,56.39,50.68,55.04,54.04,679.17,15.51,6.2%,3.3%,95.90,96.7%,15.51,4.5%
2025-12-21T01:00:07.471299+00:00,57.32,50.75,55.51,54.52,680.59,14.91,6.1%,3.1%,99.14,100.0%,14.91,3.1%
2025-12-21T01:15:10.416157+00:00,57.32,50.75,55.51,54.52,680.59,14.91,6.1%,3.1%,99.14,100.0%,14.91,3.1%
2025-12-21T01:30:04.946448+00:00,57.32,50.75,55.51,54.52,680.59,14.91,6.1%,3.1%,99.14,100.0%,14.91,3.1%
2025-12-21T02:15:07.728895+00:00,57.32,50.75,55.51,54.52,680.59,14.91,6.1%,3.1%,99.14,100.0%,14.91,3.1%
2025-12-21T02:30:06.079818+00:00,57.32,50.75,55.51,54.52,680.59,14.91,6.1%,3.1%,99.14,100.0%,14.91,3.1%
2025-12-21T02:45:06.269819+00:00,57.32,50.75,55.51,54.52,680.59,14.91,6.1%,3.1%,99.14,100.0%,14.91,3.1%
2025-12-21T03:00:06.418985+00:00,57.32,50.75,55.51,54.52,680.59,14.91,6.1%,3.1%,99.14,100.0%,14.91,3.1%
2025-12-21T03:15:04.369291+00:00,57.32,50.75,55.51,54.52,680.59,14.91,6.1%,3.1%,99.14,100.0%,14.91,3.1%
2025-12-21T03:30:10.419135+00:00,57.32,50.75,55.51,54.52,680.59,14.91,6.1%,3.1%,99.14,100.0%,14.91,3.1%
2025-12-21T19:30:13.896645+00:00,57.14,50.75,55.51,54.47,680.59,14.91,6.1%,3.1%,99.14,100.0%,14.91,3.1%
2025-12-21T19:45:15.927137+00:00,57.14,50.75,55.51,54.47,680.59,14.91,6.1%,3.1%,99.14,100.0%,14.91,3.1%
2025-12-21T20:15:08.900063+00:00,57.14,50.75,55.51,54.47,680.59,14.91,6.1%,3.1%,99.14,100.0%,14.91,3.1%
2025-12-21T20:30:10.303805+00:00,57.14,50.75,55.51,54.47,680.59,14.91,6.1%,3.1%,99.14,100.0%,14.91,3.1%
2025-12-21T20:45:08.103777+00:00,57.14,50.75,55.51,54.47,680.59,14.91,6.1%,3.1%,99.14,100.0%,14.91,3.1%
2025-12-21T21:00:12.032801+00:00,57.14,50.75,55.51,54.47,680.59,14.91,6.1%,3.1%,99.14,100.0%,14.91,3.1%
2025-12-21T21:15:09.571006+00:00,57.14,50.75,55.51,54.47,680.59,14.91,6.1%,3.1%,99.14,100.0%,14.91,3.1%
2025-12-21T21:30:12.207849+00:00,57.14,50.75,55.51,54.47,680.59,14.91,6.1%,3.1%,99.14,100.0%,14.91,3.1%
2025-12-21T21:45:08.642161+00:00,57.14,50.75,55.51,54.47,680.59,14.91,6.1%,3.1%,99.14,100.0%,14.91,3.1%
2025-12-21T22:00:11.631175+00:00,57.14,50.75,55.51,54.47,680.59,14.91,6.1%,3.1%,99.14,100.0%,14.91,3.1%
2025-12-21T22:15:12.029214+00:00,57.14,50.75,55.51,54.47,680.59,14.91,6.1%,3.1%,99.14,100.0%,14.91,3.1%
2025-12-21T22:30:11.017036+00:00,57.14,50.75,55.51,54.47,680.59,14.91,6.1%,3.1%,99.14,100.0%,14.91,3.1%
2025-12-21T22:45:09.450331+00:00,57.14,50.75,55.51,54.47,680.59,14.91,6.1%,3.1%,99.14,100.0%,14.91,3.1%
2025-12-21T23:00:14.203172+00:00,57.14,50.75,55.51,54.47,680.59,14.91,6.1%,3.1%,99.14,100.0%,14.91,3.1%
2025-12-21T23:15:11.298437+00:00,57.14,50.75,55.51,54.47,680.59,14.91,6.1%,3.1%,99.14,100.0%,14.91,3.1%
2025-12-21T23:30:12.712690+00:00,57.14,50.75,55.51,54.47,680.59,14.91,6.1%,3.1%,99.14,100.0%,14.91,3.1%
2025-12-21T23:45:09.423077+00:00,57.14,50.75,55.51,54.47,680.59,14.91,6.1%,3.1%,99.14,100.0%,14.91,3.1%
2025-12-22T00:00:08.481071+00:00,57.14,50.75,55.51,54.47,680.59,14.91,6.1%,3.1%,99.14,100.0%,14.91,3.1%
2025-12-22T00:15:11.838980+00:00,57.14,50.75,55.51,54.47,680.59,14.91,6.1%,3.1%,99.14,100.0%,14.91,3.1%
2025-12-22T00:30:08.247392+00:00,57.14,50.75,55.51,54.47,680.59,14.91,6.1%,3.1%,99.14,100.0%,14.91,3.1%
2025-12-22T00:45:11.348701+00:00,57.14,50.75,55.51,54.47,680.59,14.91,6.1%,3.1%,99.14,100.0%,14.91,3.1%
2025-12-22T01:00:13.187276+00:00,57.14,50.75,55.51,54.47,680.59,14.91,6.1%,3.1%,99.14,100.0%,14.91,3.1%
2025-12-22T01:15:14.288660+00:00,57.14,50.75,55.51,54.47,680.59,14.91,6.1%,3.1%,99.14,100.0%,14.91,3.1%
2025-12-22T01:30:12.070965+00:00,57.14,50.75,55.51,54.47,680.59,14.91,6.1%,3.1%,99.14,100.0%,14.91,3.1%
2025-12-22T01:45:12.845027+00:00,57.14,50.75,55.51,54.47,680.59,14.91,6.1%,3.1%,99.14,100.0%,14.91,3.1%
2025-12-22T02:00:12.814466+00:00,57.14,50.75,55.51,54.47,680.59,14.91,6.1%,3.1%,99.14,100.0%,14.91,3.1%
2025-12-22T02:15:08.612434+00:00,57.14,50.75,55.51,54.47,680.59,14.91,6.1%,3.1%,99.14,100.0%,14.91,3.1%
2025-12-22T02:30:11.057405+00:00,57.14,50.75,55.51,54.47,680.59,14.91,6.1%,3.1%,99.14,100.0%,14.91,3.1%
2025-12-22T02:45:05.230260+00:00,57.14,50.75,55.51,54.47,680.59,14.91,6.1%,3.1%,99.14,100.0%,14.91,3.1%
2025-12-22T03:00:11.137026+00:00,57.14,50.75,55.51,54.47,680.59,14.91,6.1%,3.1%,99.14,100.0%,14.91,3.1%
2025-12-22T03:15:11.209110+00:00,57.14,50.75,55.51,54.47,680.59,14.91,6.1%,3.1%,99.14,100.0%,14.91,3.1%
2026-01-08T07:00:08.377164+00:00,58.27,50.80,58.34,55.80,689.58,15.38,6.2%,3.3%,97.16,88.5%,15.38,4.2%
2026-01-08T07:15:15.747586+00:00,58.27,50.80,58.34,55.80,689.58,15.38,6.2%,3.3%,97.16,88.3%,15.38,4.2%
2026-01-08T07:30:03.484383+00:00,58.27,50.80,58.34,55.80,689.58,15.38,6.2%,3.3%,97.16,88.1%,15.38,4.2%
2026-01-08T07:45:02.757171+00:00,58.27,50.80,58.34,55.80,689.58,15.38,6.2%,3.3%,97.16,88.0%,15.38,4.2%
2026-01-08T08:00:03.439778+00:00,58.27,50.80,58.34,55.80,689.58,15.38,6.2%,3.3%,97.16,87.8%,15.38,4.2%
2026-01-08T08:15:02.842525+00:00,58.27,50.80,58.34,55.80,689.58,15.38,6.2%,3.3%,97.16,87.6%,15.38,4.2%
2026-01-08T08:30:02.694021+00:00,58.27,50.80,58.34,55.80,689.58,15.38,6.2%,3.3%,97.16,87.4%,15.38,4.2%
2026-01-08T08:45:03.613323+00:00,57.91,50.80,58.34,55.68,689.58,15.69,6.2%,3.4%,95.01,85.9%,15.69,5.0%
2026-01-08T09:00:03.681194+00:00,57.93,50.80,58.34,55.69,689.58,15.67,6.2%,3.4%,95.15,86.0%,15.67,4.9%
2026-01-08T09:15:03.402297+00:00,57.92,50.80,58.34,55.69,689.58,15.68,6.2%,3.4%,95.08,85.8%,15.68,4.9%
2026-01-08T09:30:03.094117+00:00,57.94,50.80,58.34,55.69,689.58,15.66,6.2%,3.4%,95.22,86.2%,15.66,4.9%
2026-01-08T11:00:03.314578+00:00,57.87,50.80,58.34,55.67,689.58,15.72,6.2%,3.4%,94.80,62.2%,15.72,5.0%
2026-01-08T15:15:13.060561+00:00,58.49,50.73,58.36,55.86,689.70,15.62,6.2%,3.4%,95.46,86.5%,15.62,4.8%
2026-01-08T15:30:21.187679+00:00,58.97,50.78,58.34,56.03,689.53,15.43,6.2%,3.3%,96.82,87.4%,15.43,4.3%
2026-01-08T16:00:07.199927+00:00,59.27,50.80,58.35,56.14,689.73,15.30,6.2%,3.2%,97.69,89.3%,15.30,4.0%
2026-01-08T16:15:06.789028+00:00,59.15,50.80,58.25,56.06,688.91,15.27,6.2%,3.2%,98.09,91.6%,15.27,4.0%
2026-01-08T20:00:11.686662+00:00,59.35,50.75,58.23,56.11,688.77,15.63,6.2%,3.4%,95.64,86.0%,15.63,4.8%
2026-01-08T21:00:05.899358+00:00,59.45,50.77,58.36,56.20,689.69,15.53,6.2%,3.3%,96.09,86.8%,15.53,4.6%
2026-01-08T21:15:03.304597+00:00,59.57,50.78,58.34,56.23,689.52,15.47,6.2%,3.3%,96.55,86.9%,15.47,4.4%
2026-01-09T15:00:16.538389+00:00,60.62,50.80,58.50,56.64,691.31,15.55,6.1%,3.3%,95.53,85.4%,15.55,4.6%
2026-01-09T15:15:14.339482+00:00,60.69,50.79,58.50,56.66,691.28,15.47,6.1%,3.3%,96.09,86.7%,15.47,4.4%
2026-01-09T16:23:19.680243+00:00,N/A,N/A,N/A,N/A,N/A,N/A,N/A,N/A,N/A,N/A,N/A,N/A
2026-01-09T16:45:20.890914+00:00,61.71,50.84,58.77,57.11,693.18,14.80,6.1%,3.0%,100.19,100.0%,14.80,2.8%
2026-01-09T17:00:23.584776+00:00,61.94,50.85,58.85,57.21,693.79,14.70,6.1%,3.0%,100.71,99.8%,14.70,2.6%
2026-01-09T17:15:21.069421+00:00,62.11,50.87,58.89,57.29,694.10,14.69,6.1%,3.0%,100.72,99.6%,14.69,2.6%
2026-01-09T17:30:17.130949+00:00,62.10,50.87,58.91,57.29,694.22,14.63,6.1%,3.0%,101.08,99.4%,14.63,2.4%
2026-01-09T17:45:20.109023+00:00,62.19,50.87,58.89,57.32,694.07,14.63,6.1%,3.0%,101.12,99.2%,14.62,2.4%
2026-01-09T18:00:21.611219+00:00,62.15,50.87,58.86,57.29,693.85,14.61,6.1%,3.0%,101.31,99.0%,14.61,2.4%
2026-01-09T20:00:17.090754+00:00,61.61,50.90,58.99,57.17,694.84,14.62,6.0%,3.0%,101.00,98.8%,14.62,2.4%
2026-01-09T20:15:19.855621+00:00,61.63,50.90,58.99,57.17,694.82,14.57,6.0%,2.9%,101.34,98.6%,14.57,2.3%
2026-01-09T20:30:14.173878+00:00,61.54,50.90,59.01,57.15,695.00,14.59,6.0%,2.9%,101.18,98.4%,14.59,2.3%
2026-01-09T21:00:04.167478+00:00,61.74,50.90,58.93,57.19,694.34,14.51,6.1%,2.9%,101.85,98.2%,14.51,2.1%
2026-01-10T02:15:03.253358+00:00,61.78,50.87,58.89,57.18,694.07,14.49,6.1%,2.9%,102.05,98.0%,14.49,2.1%
2026-01-10T02:30:03.450512+00:00,61.78,50.87,58.89,57.18,694.07,14.49,6.1%,2.9%,102.05,97.8%,14.49,2.1%
2026-01-10T02:45:04.145548+00:00,61.78,50.87,58.89,57.18,694.07,14.49,6.1%,2.9%,102.05,97.6%,14.49,2.1%
2026-01-10T03:00:06.315498+00:00,61.78,50.87,58.89,57.18,694.07,14.49,6.1%,2.9%,102.05,97.4%,14.49,2.1%
2026-01-10T03:15:04.304366+00:00,61.78,50.87,58.89,57.18,694.07,14.49,6.1%,2.9%,102.05,97.2%,14.49,2.1%
2026-01-10T03:30:04.492501+00:00,61.78,50.87,58.89,57.18,694.07,14.49,6.1%,2.9%,102.05,97.0%,14.49,2.1%
2026-01-10T03:45:04.600801+00:00,61.78,50.87,58.89,57.18,694.07,14.49,6.1%,2.9%,102.05,96.8%,14.49,2.1%
2026-01-10T04:00:04.552038+00:00,61.78,50.87,58.89,57.18,694.07,14.49,6.1%,2.9%,102.05,96.6%,14.49,2.1%
2026-01-10T04:15:04.694061+00:00,61.78,50.87,58.89,57.18,694.07,14.49,6.1%,2.9%,102.05,96.4%,14.49,2.1%
2026-01-10T04:30:03.265477+00:00,61.78,50.87,58.89,57.18,694.07,14.49,6.1%,2.9%,102.05,96.2%,14.49,2.1%
2026-01-10T04:45:07.729107+00:00,61.78,50.87,58.89,57.18,694.07,14.49,6.1%,2.9%,102.05,96.0%,14.49,2.1%
2026-01-10T05:00:04.470436+00:00,61.78,50.87,58.89,57.18,694.07,14.49,6.1%,2.9%,102.05,95.8%,14.49,2.1%
2026-01-10T05:15:03.414627+00:00,61.78,50.87,58.89,57.18,694.07,14.49,6.1%,2.9%,102.05,95.6%,14.49,2.1%
2026-01-10T05:30:03.336739+00:00,61.78,50.87,58.89,57.18,694.07,14.49,6.1%,2.9%,102.05,95.5%,14.49,2.1%
2026-01-10T05:45:03.743182+00:00,61.78,50.87,58.89,57.18,694.07,14.49,6.1%,2.9%,102.05,95.3%,14.49,2.1%
2026-01-10T06:00:03.005744+00:00,61.78,50.87,58.89,57.18,694.07,14.49,6.1%,2.9%,102.05,95.1%,14.49,2.1%
2026-01-10T06:15:04.588456+00:00,61.78,50.87,58.89,57.18,694.07,14.49,6.1%,2.9%,102.05,94.9%,14.49,2.1%
2026-01-10T06:30:02.747199+00:00,61.78,50.87,58.89,57.18,694.07,14.49,6.1%,2.9%,102.05,94.7%,14.49,2.1%
2026-01-10T06:45:03.216406+00:00,61.78,50.87,58.89,57.18,694.07,14.49,6.1%,2.9%,102.05,94.5%,14.49,2.1%
2026-01-10T07:00:04.406949+00:00,61.78,50.87,58.89,57.18,694.07,14.49,6.1%,2.9%,102.05,94.3%,14.49,2.1%
2026-01-10T07:15:06.060853+00:00,61.78,50.87,58.89,57.18,694.07,14.49,6.1%,2.9%,102.05,94.2%,14.49,2.1%
2026-01-10T07:30:02.697529+00:00,61.78,50.87,58.89,57.18,694.07,14.49,6.1%,2.9%,102.05,94.0%,14.49,2.1%
2026-01-10T07:45:03.156048+00:00,61.78,50.87,58.89,57.18,694.07,14.49,6.1%,2.9%,102.05,93.8%,14.49,2.1%
2026-01-10T08:00:03.052158+00:00,61.78,50.87,58.89,57.18,694.07,14.49,6.1%,2.9%,102.05,93.6%,14.49,2.1%
2026-01-10T08:15:02.678897+00:00,61.78,50.87,58.89,57.18,694.07,14.49,6.1%,2.9%,102.05,93.4%,14.49,2.1%
2026-01-10T08:30:03.258343+00:00,61.78,50.87,58.89,57.18,694.07,14.49,6.1%,2.9%,102.05,93.2%,14.49,2.1%
2026-01-10T08:45:03.011646+00:00,61.78,50.87,58.89,57.18,694.07,14.49,6.1%,2.9%,102.05,93.1%,14.49,2.1%
2026-01-10T09:00:03.177680+00:00,61.78,50.87,58.89,57.18,694.07,14.49,6.1%,2.9%,102.05,92.9%,14.49,2.1%
2026-01-10T09:15:02.609146+00:00,61.78,50.87,58.89,57.18,694.07,14.49,6.1%,2.9%,102.05,92.7%,14.49,2.1%
2026-01-10T09:30:02.702674+00:00,61.78,50.87,58.89,57.18,694.07,14.49,6.1%,2.9%,102.05,92.5%,14.49,2.1%
2026-01-10T09:45:02.761494+00:00,61.78,50.87,58.89,57.18,694.07,14.49,6.1%,2.9%,102.05,92.4%,14.49,2.1%
2026-01-10T10:00:03.194077+00:00,61.78,50.87,58.89,57.18,694.07,14.49,6.1%,2.9%,102.05,92.2%,14.49,2.1%
2026-01-10T10:15:03.255539+00:00,61.78,50.87,58.89,57.18,694.07,14.49,6.1%,2.9%,102.05,92.0%,14.49,2.1%
2026-01-10T10:30:03.008018+00:00,61.78,50.87,58.89,57.18,694.07,14.49,6.1%,2.9%,102.05,91.8%,14.49,2.1%
2026-01-10T10:45:03.346207+00:00,61.78,50.87,58.89,57.18,694.07,14.49,6.1%,2.9%,102.05,91.7%,14.49,2.1%
2026-01-10T11:00:03.019177+00:00,61.78,50.87,58.89,57.18,694.07,14.49,6.1%,2.9%,102.05,91.5%,14.49,2.1%
2026-01-10T11:15:02.950006+00:00,61.78,50.87,58.89,57.18,694.07,14.49,6.1%,2.9%,102.05,91.3%,14.49,2.1%
2026-01-10T11:30:02.922409+00:00,61.78,50.87,58.89,57.18,694.07,14.49,6.1%,2.9%,102.05,91.1%,14.49,2.1%
2026-01-10T11:45:04.536292+00:00,61.78,50.87,58.89,57.18,694.07,14.49,6.1%,2.9%,102.05,91.0%,14.49,2.1%
2026-01-10T12:00:02.822486+00:00,61.78,50.87,58.89,57.18,694.07,14.49,6.1%,2.9%,102.05,90.8%,14.49,2.1%
2026-01-10T12:15:02.946722+00:00,61.78,50.87,58.89,57.18,694.07,14.49,6.1%,2.9%,102.05,90.6%,14.49,2.1%
2026-01-10T12:30:02.862659+00:00,61.78,50.87,58.89,57.18,694.07,14.49,6.1%,2.9%,102.05,90.4%,14.49,2.1%
2026-01-10T12:45:02.860153+00:00,61.78,50.87,58.89,57.18,694.07,14.49,6.1%,2.9%,102.05,90.3%,14.49,2.1%
2026-01-10T17:45:02.752307+00:00,61.78,50.87,58.89,57.18,694.07,14.49,6.1%,2.9%,102.05,90.1%,14.49,2.1%
2026-01-10T18:00:03.510503+00:00,61.78,50.87,58.89,57.18,694.07,14.49,6.1%,2.9%,102.05,89.9%,14.49,2.1%
2026-01-10T18:30:03.692535+00:00,61.78,50.87,58.89,57.18,694.07,14.49,6.1%,2.9%,102.05,89.8%,14.49,2.1%
2026-01-10T18:45:04.555379+00:00,61.78,50.87,58.89,57.18,694.07,14.49,6.1%,2.9%,102.05,89.6%,14.49,2.1%
2026-01-10T19:00:03.332680+00:00,61.78,50.87,58.89,57.18,694.07,14.49,6.1%,2.9%,102.05,89.4%,14.49,2.1%
2026-01-10T19:15:04.243192+00:00,61.78,50.87,58.89,57.18,694.07,14.49,6.1%,2.9%,102.05,89.3%,14.49,2.1%
2026-01-10T19:30:02.923943+00:00,61.78,50.87,58.89,57.18,694.07,14.49,6.1%,2.9%,102.05,89.1%,14.49,2.1%
2026-01-10T19:45:02.934446+00:00,61.78,50.87,58.89,57.18,694.07,14.49,6.1%,2.9%,102.05,89.0%,14.49,2.1%
2026-01-11T03:00:03.849980+00:00,61.78,50.87,58.89,57.18,694.07,14.49,6.1%,2.9%,102.05,88.8%,14.49,2.1%
2026-01-11T03:15:04.385417+00:00,61.78,50.87,58.89,57.18,694.07,14.49,6.1%,2.9%,102.05,88.6%,14.49,2.1%
2026-01-11T03:30:05.399820+00:00,61.78,50.87,58.89,57.18,694.07,14.49,6.1%,2.9%,102.05,88.5%,14.49,2.1%
2026-01-11T03:45:03.241556+00:00,61.78,50.87,58.89,57.18,694.07,14.49,6.1%,2.9%,102.05,88.3%,14.49,2.1%
2026-01-11T04:00:03.813831+00:00,61.78,50.87,58.89,57.18,694.07,14.49,6.1%,2.9%,102.05,88.1%,14.49,2.1%
2026-01-11T04:15:05.870355+00:00,61.78,50.87,58.89,57.18,694.07,14.49,6.1%,2.9%,102.05,88.0%,14.49,2.1%
2026-01-11T04:30:04.734567+00:00,61.78,50.87,58.89,57.18,694.07,14.49,6.1%,2.9%,102.05,87.8%,14.49,2.1%
2026-01-11T04:45:04.492592+00:00,61.78,50.87,58.89,57.18,694.07,14.49,6.1%,2.9%,102.05,87.7%,14.49,2.1%
2026-01-11T05:00:04.344705+00:00,61.78,50.87,58.89,57.18,694.07,14.49,6.1%,2.9%,102.05,87.5%,14.49,2.1%
2026-01-11T05:15:03.589459+00:00,61.78,50.87,58.89,57.18,694.07,14.49,6.1%,2.9%,102.05,87.3%,14.49,2.1%
2026-01-11T05:30:06.496682+00:00,61.78,50.87,58.89,57.18,694.07,14.49,6.1%,2.9%,102.05,87.2%,14.49,2.1%
2026-01-11T05:45:04.979825+00:00,61.78,50.87,58.89,57.18,694.07,14.49,6.1%,2.9%,102.05,87.0%,14.49,2.1%
2026-01-11T06:00:07.041559+00:00,61.78,50.87,58.89,57.18,694.07,14.49,6.1%,2.9%,102.05,86.9%,14.49,2.1%
2026-01-11T06:15:05.262590+00:00,61.78,50.87,58.89,57.18,694.07,14.49,6.1%,2.9%,102.05,86.7%,14.49,2.1%
2026-01-11T06:45:03.120783+00:00,61.78,50.87,58.89,57.18,694.07,14.49,6.1%,2.9%,102.05,86.6%,14.49,2.1%
2026-01-11T07:00:13.419951+00:00,61.78,50.87,58.89,57.18,694.07,14.49,6.1%,2.9%,102.05,86.4%,14.49,2.1%
2026-01-11T07:15:14.724381+00:00,61.78,50.87,58.89,57.18,694.07,14.49,6.1%,2.9%,102.05,86.2%,14.49,2.1%
2026-01-11T07:30:03.853058+00:00,61.78,50.87,58.89,57.18,694.07,14.49,6.1%,2.9%,102.05,86.1%,14.49,2.1%
2026-01-11T07:45:46.709985+00:00,61.78,50.87,58.89,57.18,694.07,14.49,6.1%,2.9%,102.05,85.9%,14.49,2.1%
2026-01-11T08:00:34.265703+00:00,61.78,50.87,58.89,57.18,694.07,14.49,6.1%,2.9%,102.05,85.8%,14.49,2.1%
2026-01-11T08:15:25.481785+00:00,61.78,50.87,58.89,57.18,694.07,14.49,6.1%,2.9%,102.05,85.6%,14.49,2.1%
2026-01-11T08:30:32.781034+00:00,61.78,50.87,58.89,57.18,694.07,14.49,6.1%,2.9%,102.05,85.5%,14.49,2.1%
2026-01-11T08:45:35.855222+00:00,61.78,50.87,58.89,57.18,694.07,14.49,6.1%,2.9%,102.05,85.3%,14.49,2.1%
2026-01-11T16:15:15.609227+00:00,61.78,50.87,58.89,57.18,694.07,14.49,6.1%,2.9%,102.05,85.2%,14.49,2.1%
2026-01-11T16:30:04.480671+00:00,61.78,50.87,58.89,57.18,694.07,14.49,6.1%,2.9%,102.05,85.0%,14.49,2.1%
2026-01-11T17:00:04.442204+00:00,61.78,50.87,58.89,57.18,694.07,14.49,6.1%,2.9%,102.05,84.9%,14.49,2.1%
2026-01-11T17:15:03.290889+00:00,61.78,50.87,58.89,57.18,694.07,14.49,6.1%,2.9%,102.05,84.7%,14.49,2.1%
2026-01-11T17:30:11.761050+00:00,61.78,50.87,58.89,57.18,694.07,14.49,6.1%,2.9%,102.05,84.6%,14.49,2.1%
2026-01-11T17:45:09.326956+00:00,61.78,50.87,58.89,57.18,694.07,14.49,6.1%,2.9%,102.05,84.4%,14.49,2.1%
2026-01-11T18:00:05.179183+00:00,61.78,50.87,58.89,57.18,694.07,14.49,6.1%,2.9%,102.05,84.3%,14.49,2.1%
2026-01-11T18:15:05.000867+00:00,61.78,50.87,58.89,57.18,694.07,14.49,6.1%,2.9%,102.05,84.1%,14.49,2.1%
2026-01-11T18:30:03.551798+00:00,61.78,50.87,58.89,57.18,694.07,14.49,6.1%,2.9%,102.05,84.0%,14.49,2.1%
2026-01-11T18:45:03.762098+00:00,61.78,50.87,58.89,57.18,694.07,14.49,6.1%,2.9%,102.05,83.9%,14.49,2.1%
2026-01-11T19:00:04.295989+00:00,61.78,50.87,58.89,57.18,694.07,14.49,6.1%,2.9%,102.05,83.7%,14.49,2.1%
2026-01-11T19:15:04.064577+00:00,61.78,50.87,58.89,57.18,694.07,14.49,6.1%,2.9%,102.05,83.6%,14.49,2.1%
2026-01-12T00:15:11.282027+00:00,61.78,50.87,58.89,57.18,694.07,14.49,6.1%,2.9%,102.05,83.4%,14.49,2.1%
2026-01-12T00:30:03.545793+00:00,61.78,50.87,58.89,57.18,694.07,14.49,6.1%,2.9%,102.05,83.3%,14.49,2.1%
2026-01-12T00:45:04.882236+00:00,61.78,50.87,58.89,57.18,694.07,14.49,6.1%,2.9%,102.05,83.1%,14.49,2.1%
2026-01-12T01:00:05.191399+00:00,61.78,50.87,58.89,57.18,694.07,14.49,6.1%,2.9%,102.05,83.0%,14.49,2.1%
2026-01-12T01:15:05.444227+00:00,61.78,50.87,58.89,57.18,694.07,14.49,6.1%,2.9%,102.05,82.8%,14.49,2.1%
2026-01-12T01:30:03.658596+00:00,61.78,50.87,58.89,57.18,694.07,14.49,6.1%,2.9%,102.05,82.7%,14.49,2.1%
2026-01-12T01:45:04.264550+00:00,61.78,50.87,58.89,57.18,694.07,14.49,6.1%,2.9%,102.05,82.6%,14.49,2.1%
2026-01-12T02:00:03.919767+00:00,61.78,50.87,58.89,57.18,694.07,14.49,6.1%,2.9%,102.05,82.4%,14.49,2.1%
2026-01-12T02:15:03.504498+00:00,61.78,50.87,58.89,57.18,694.07,14.49,6.1%,2.9%,102.05,82.3%,14.49,2.1%
2026-01-12T02:30:03.696673+00:00,61.78,50.87,58.89,57.18,694.07,14.49,6.1%,2.9%,102.05,82.1%,14.49,2.1%
2026-01-12T02:45:04.016138+00:00,61.78,50.87,58.89,57.18,694.07,14.49,6.1%,2.9%,102.05,82.0%,14.49,2.1%
2026-01-12T03:00:12.696310+00:00,61.78,50.87,58.89,57.18,694.07,14.49,6.1%,2.9%,102.05,81.9%,14.49,2.1%
2026-01-12T03:15:03.336396+00:00,61.78,50.87,58.89,57.18,694.07,14.49,6.1%,2.9%,102.05,81.7%,14.49,2.1%
2026-01-12T03:30:05.019521+00:00,61.78,50.87,58.89,57.18,694.07,14.49,6.1%,2.9%,102.05,81.6%,14.49,2.1%
2026-01-12T03:45:52.174506+00:00,N/A,N/A,N/A,N/A,N/A,N/A,N/A,N/A,N/A,N/A,N/A,N/A
2026-01-12T04:30:03.431810+00:00,61.78,50.87,58.89,57.18,694.07,14.49,6.1%,2.9%,102.05,81.5%,14.49,2.1%
2026-01-12T04:45:03.348081+00:00,61.78,50.87,58.89,57.18,694.07,14.49,6.1%,2.9%,102.05,81.3%,14.49,2.1%
2026-01-12T05:00:03.781807+00:00,61.78,50.87,58.89,57.18,694.07,14.49,6.1%,2.9%,102.05,81.2%,14.49,2.1%
2026-01-12T05:15:03.355786+00:00,61.78,50.87,58.89,57.18,694.07,14.49,6.1%,2.9%,102.05,81.0%,14.49,2.1%
2026-01-12T05:30:03.208415+00:00,61.78,50.87,58.89,57.18,694.07,14.49,6.1%,2.9%,102.05,80.9%,14.49,2.1%
2026-01-12T05:45:05.763815+00:00,61.78,50.87,58.89,57.18,694.07,14.49,6.1%,2.9%,102.05,80.8%,14.49,2.1%
2026-01-12T06:00:03.395672+00:00,61.78,50.87,58.89,57.18,694.07,14.49,6.1%,2.9%,102.05,80.6%,14.49,2.1%
2026-01-12T06:15:03.345160+00:00,61.78,50.87,58.89,57.18,694.07,14.49,6.1%,2.9%,102.05,80.5%,14.49,2.1%
2026-01-12T06:30:03.793755+00:00,61.78,50.87,58.89,57.18,694.07,14.49,6.1%,2.9%,102.05,80.4%,14.49,2.1%
2026-01-12T06:45:03.810862+00:00,61.78,50.87,58.89,57.18,694.07,14.49,6.1%,2.9%,102.05,80.2%,14.49,2.1%
2026-01-12T07:00:03.427512+00:00,61.78,50.87,58.89,57.18,694.07,14.49,6.1%,2.9%,102.05,80.1%,14.49,2.1%
2026-01-12T07:15:04.156197+00:00,61.78,50.87,58.89,57.18,694.07,14.49,6.1%,2.9%,102.05,80.0%,14.49,2.1%
2026-01-12T07:30:03.951782+00:00,61.78,50.87,58.89,57.18,694.07,14.49,6.1%,2.9%,102.05,79.8%,14.49,2.1%
2026-01-12T07:45:03.726177+00:00,61.78,50.87,58.89,57.18,694.07,14.49,6.1%,2.9%,102.05,79.7%,14.49,2.1%
2026-01-12T14:45:11.734330+00:00,60.04,50.79,59.06,56.63,692.82,15.98,6.1%,3.5%,92.01,34.8%,15.98,5.7%
2026-01-12T15:00:20.117971+00:00,59.97,50.83,59.16,56.65,693.60,15.53,6.1%,3.3%,95.05,66.8%,15.52,4.6%
2026-01-12T15:15:04.973065+00:00,60.25,50.84,59.12,56.74,693.30,15.42,6.1%,3.3%,95.91,68.6%,15.42,4.3%
2026-01-12T15:30:03.984461+00:00,59.81,50.84,58.25,56.30,693.54,15.43,6.1%,3.3%,95.77,68.0%,15.41,4.3%
2026-01-12T16:00:03.882686+00:00,60.27,50.84,59.19,56.77,693.78,15.40,6.1%,3.3%,95.91,68.7%,15.40,4.3%
2026-01-12T16:15:02.720561+00:00,60.70,50.86,59.28,56.95,694.46,15.29,6.0%,3.2%,96.51,69.3%,15.29,4.0%
2026-01-12T20:15:10.465289+00:00,61.61,50.93,59.44,57.33,695.59,15.03,6.0%,3.1%,98.02,73.1%,15.03,3.4%
2026-01-12T20:30:07.432963+00:00,61.45,50.93,59.39,57.25,695.27,15.07,6.0%,3.1%,97.83,71.2%,15.07,3.5%
2026-01-12T20:45:13.393551+00:00,61.43,50.91,59.40,57.25,695.34,15.07,6.0%,3.1%,97.81,71.1%,15.07,3.5%
2026-01-12T21:00:09.234591+00:00,61.51,50.91,59.40,57.27,695.32,15.11,6.0%,3.2%,97.54,70.8%,15.11,3.6%
2026-01-12T22:48:24.076730+00:00,N/A,N/A,N/A,N/A,N/A,N/A,N/A,N/A,N/A,N/A,N/A,N/A
2026-01-13T03:15:03.740557+00:00,61.53,50.90,59.38,57.27,695.16,15.12,6.0%,3.2%,97.51,70.5%,15.12,3.6%
2026-01-13T03:45:04.349383+00:00,61.53,50.90,59.38,57.27,695.16,15.12,6.0%,3.2%,97.51,70.4%,15.12,3.6%
2026-01-13T04:00:04.511967+00:00,61.53,50.90,59.38,57.27,695.16,15.12,6.0%,3.2%,97.51,70.3%,15.12,3.6%
2026-01-13T04:15:05.371968+00:00,61.53,50.90,59.38,57.27,695.16,15.12,6.0%,3.2%,97.51,70.2%,15.12,3.6%
2026-01-13T04:30:03.510079+00:00,61.53,50.90,59.38,57.27,695.16,15.12,6.0%,3.2%,97.51,70.0%,15.12,3.6%
2026-01-13T04:45:03.798159+00:00,61.53,50.90,59.38,57.27,695.16,15.12,6.0%,3.2%,97.51,69.9%,15.12,3.6%
2026-01-13T05:00:04.227157+00:00,61.53,50.90,59.38,57.27,695.16,15.12,6.0%,3.2%,97.51,69.8%,15.12,3.6%
2026-01-13T05:15:03.378810+00:00,61.53,50.90,59.38,57.27,695.16,15.12,6.0%,3.2%,97.51,69.7%,15.12,3.6%
2026-01-13T05:30:04.066618+00:00,61.53,50.90,59.38,57.27,695.16,15.12,6.0%,3.2%,97.51,69.6%,15.12,3.6%
2026-01-13T05:45:04.653774+00:00,61.53,50.90,59.38,57.27,695.16,15.12,6.0%,3.2%,97.51,69.5%,15.12,3.6%
2026-01-13T06:00:04.157562+00:00,61.53,50.90,59.38,57.27,695.16,15.12,6.0%,3.2%,97.51,69.4%,15.12,3.6%
2026-01-13T06:15:03.255838+00:00,61.53,50.90,59.38,57.27,695.16,15.12,6.0%,3.2%,97.51,69.3%,15.12,3.6%
2026-01-13T06:30:03.708064+00:00,61.53,50.90,59.38,57.27,695.16,15.12,6.0%,3.2%,97.51,69.2%,15.12,3.6%
2026-01-13T06:45:04.327234+00:00,61.53,50.90,59.38,57.27,695.16,15.12,6.0%,3.2%,97.51,69.0%,15.12,3.6%
2026-01-13T07:00:04.235629+00:00,61.53,50.90,59.38,57.27,695.16,15.12,6.0%,3.2%,97.51,68.9%,15.12,3.6%
2026-01-13T07:15:03.383945+00:00,61.53,50.90,59.38,57.27,695.16,15.12,6.0%,3.2%,97.51,68.8%,15.12,3.6%
2026-01-13T07:30:03.974325+00:00,61.53,50.90,59.38,57.27,695.16,15.12,6.0%,3.2%,97.51,68.7%,15.12,3.6%
2026-01-13T07:45:03.531270+00:00,61.53,50.90,59.38,57.27,695.16,15.12,6.0%,3.2%,97.51,68.6%,15.12,3.6%
2026-01-13T08:00:03.478192+00:00,61.53,50.90,59.38,57.27,695.16,15.12,6.0%,3.2%,97.51,68.5%,15.12,3.6%
2026-01-13T08:15:03.462709+00:00,61.53,50.90,59.38,57.27,695.16,15.12,6.0%,3.2%,97.51,68.4%,15.12,3.6%
2026-01-13T08:30:04.036499+00:00,61.53,50.90,59.38,57.27,695.16,15.12,6.0%,3.2%,97.51,68.3%,15.36,4.2%
2026-01-13T08:45:08.512969+00:00,61.26,50.90,59.38,57.18,695.16,15.35,6.0%,3.3%,95.90,65.5%,15.35,4.1%
2026-01-13T09:00:09.368060+00:00,61.26,50.90,59.38,57.18,695.16,15.35,6.0%,3.3%,95.90,65.4%,15.35,4.1%
2026-01-13T14:30:11.772734+00:00,61.72,50.90,59.73,57.45,695.52,14.95,6.0%,3.1%,98.59,74.4%,14.95,3.2%
2026-01-13T14:45:17.136243+00:00,62.08,50.89,59.64,57.54,694.99,14.90,6.0%,3.1%,99.07,74.4%,14.90,3.1%
2026-01-13T15:00:11.092653+00:00,61.62,50.87,59.54,57.35,694.24,15.20,6.1%,3.2%,97.19,67.9%,15.20,3.8%
2026-01-13T15:15:06.842403+00:00,60.91,50.85,59.43,57.06,693.40,15.47,6.1%,3.3%,95.53,64.2%,15.47,4.4%
2026-01-13T16:14:02.932007+00:00,N/A,N/A,N/A,N/A,N/A,N/A,N/A,N/A,N/A,N/A,N/A,N/A
2026-01-13T16:45:04.597212+00:00,60.48,50.83,59.59,56.96,694.56,15.60,6.0%,3.4%,94.29,45.8%,15.60,4.7%
2026-01-13T17:00:04.376439+00:00,60.99,50.87,59.64,57.17,694.93,15.35,6.0%,3.3%,95.96,65.9%,15.35,4.1%
2026-01-13T17:15:04.352213+00:00,61.05,50.89,59.63,57.19,694.89,15.31,6.0%,3.2%,96.25,66.4%,15.31,4.0%
2026-01-13T17:30:04.238016+00:00,61.10,50.88,59.59,57.19,694.62,15.36,6.0%,3.3%,95.99,66.0%,15.36,4.2%
2026-01-13T17:45:03.117774+00:00,61.15,50.87,59.47,57.16,693.69,15.44,6.1%,3.3%,95.66,64.4%,15.44,4.4%
2026-01-13T18:00:11.483572+00:00,60.83,50.84,59.33,57.00,692.71,15.67,6.1%,3.4%,94.30,45.6%,15.67,4.9%
2026-01-14T02:30:04.224815+00:00,60.18,50.83,59.48,56.83,693.77,15.98,6.1%,3.5%,91.77,31.5%,15.98,5.7%
2026-01-14T02:45:04.121276+00:00,60.18,50.83,59.48,56.83,693.77,15.98,6.1%,3.5%,91.77,31.5%,15.98,5.7%
2026-01-14T03:00:03.407363+00:00,60.18,50.83,59.48,56.83,693.77,15.98,6.1%,3.5%,91.77,31.4%,15.98,5.7%
2026-01-14T03:15:05.285118+00:00,60.18,50.83,59.48,56.83,693.77,15.98,6.1%,3.5%,91.77,31.4%,15.98,5.7%
2026-01-14T03:30:03.718299+00:00,60.18,50.83,59.48,56.83,693.77,15.98,6.1%,3.5%,91.77,31.3%,15.98,5.7%
2026-01-14T03:45:03.426832+00:00,60.18,50.83,59.48,56.83,693.77,15.98,6.1%,3.5%,91.77,31.3%,15.98,5.7%
2026-01-14T04:00:03.196041+00:00,60.18,50.83,59.48,56.83,693.77,15.98,6.1%,3.5%,91.77,31.2%,15.98,5.7%
2026-01-14T04:15:04.900969+00:00,60.18,50.83,59.48,56.83,693.77,15.98,6.1%,3.5%,91.77,31.2%,15.98,5.7%
2026-01-14T04:30:17.746205+00:00,60.18,50.83,59.48,56.83,693.77,15.98,6.1%,3.5%,91.77,31.2%,15.98,5.7%
2026-01-14T16:30:11.176814+00:00,57.72,50.60,58.87,55.73,689.32,17.81,6.2%,4.4%,79.23,0.0%,17.81,10.0%
2026-01-14T17:00:11.296386+00:00,58.16,50.61,58.47,55.74,686.39,17.68,6.3%,4.3%,81.25,0.6%,17.68,9.7%
2026-01-14T17:15:04.442937+00:00,57.57,50.58,58.56,55.57,687.07,17.90,6.3%,4.4%,79.30,0.2%,17.90,10.3%
2026-01-14T17:30:05.458462+00:00,58.29,50.59,58.54,55.81,686.95,17.58,6.3%,4.3%,81.84,0.9%,17.58,9.5%
2026-01-14T19:45:11.235669+00:00,58.85,50.63,58.70,56.06,688.07,17.35,6.2%,4.2%,83.25,5.0%,17.35,8.9%
2026-01-14T20:00:26.565423+00:00,46.52,50.62,58.68,51.94,687.97,17.35,6.2%,4.2%,83.28,5.1%,17.35,8.9%
2026-01-14T20:15:05.195975+00:00,58.97,50.62,58.81,56.13,688.85,17.31,6.2%,4.1%,83.30,5.3%,17.31,8.8%
2026-01-15T04:00:04.185920+00:00,60.03,50.68,59.01,56.57,690.36,16.75,6.2%,3.9%,87.08,16.8%,16.75,7.5%
2026-01-15T04:15:02.830629+00:00,60.03,50.68,59.01,56.57,690.36,16.75,6.2%,3.9%,87.08,16.9%,16.75,7.5%
2026-01-15T04:30:03.715563+00:00,60.03,50.68,59.01,56.57,690.36,16.75,6.2%,3.9%,87.08,17.1%,16.75,7.5%
2026-01-15T04:45:03.154427+00:00,60.03,50.68,59.01,56.57,690.36,16.75,6.2%,3.9%,87.08,17.2%,16.75,7.5%
2026-01-15T05:00:02.589920+00:00,60.03,50.68,59.01,56.57,690.36,16.75,6.2%,3.9%,87.08,17.3%,16.75,7.5%
2026-01-15T05:15:02.643163+00:00,60.03,50.68,59.01,56.57,690.36,16.75,6.2%,3.9%,87.08,17.4%,16.75,7.5%
2026-01-15T05:30:02.822594+00:00,60.03,50.68,59.01,56.57,690.36,16.75,6.2%,3.9%,87.08,17.6%,16.75,7.5%
2026-01-15T05:45:02.660325+00:00,60.03,50.68,59.01,56.57,690.36,16.75,6.2%,3.9%,87.08,17.7%,16.75,7.5%
2026-01-15T06:00:02.779749+00:00,60.03,50.68,59.01,56.57,690.36,16.75,6.2%,3.9%,87.08,17.8%,16.75,7.5%
2026-01-15T06:15:02.492208+00:00,60.03,50.68,59.01,56.57,690.36,16.75,6.2%,3.9%,87.08,17.9%,16.75,7.5%
2026-01-15T06:30:03.028626+00:00,60.03,50.68,59.01,56.57,690.36,16.75,6.2%,3.9%,87.08,18.0%,16.75,7.5%
2026-01-15T16:15:05.082965+00:00,62.93,50.75,59.15,57.61,694.44,15.52,6.0%,3.3%,94.89,64.0%,15.52,4.6%
2026-01-15T20:00:11.988686+00:00,62.89,50.73,58.87,57.50,692.45,15.54,6.1%,3.3%,95.29,65.2%,15.54,4.6%
2026-01-15T20:15:10.035494+00:00,62.94,50.70,58.87,57.51,692.43,15.62,6.1%,3.4%,94.73,47.7%,15.62,4.8%
2026-01-15T20:30:11.310627+00:00,62.63,50.70,58.76,57.36,691.64,15.73,6.1%,3.4%,94.17,47.4%,15.73,5.1%
2026-01-15T20:45:06.455084+00:00,62.13,50.68,58.76,57.19,691.60,15.92,6.1%,3.5%,92.81,35.7%,15.92,5.5%
2026-01-15T21:00:07.218059+00:00,62.22,50.68,58.78,57.23,691.74,15.95,6.1%,3.5%,92.56,35.6%,15.95,5.6%
2026-01-15T21:30:38.361555+00:00,62.08,50.69,58.84,57.21,692.24,15.84,6.1%,3.5%,93.21,35.9%,15.84,5.3%
2026-01-16T03:45:04.814010+00:00,62.08,50.69,58.84,57.21,692.24,15.84,6.1%,3.5%,93.21,36.0%,15.84,5.3%
2026-01-16T04:00:04.447636+00:00,62.08,50.69,58.84,57.21,692.24,15.84,6.1%,3.5%,93.21,36.1%,15.84,5.3%
2026-01-16T04:15:03.693156+00:00,62.08,50.69,58.84,57.21,692.24,15.84,6.1%,3.5%,93.21,36.2%,15.84,5.3%
2026-01-16T04:30:03.814372+00:00,62.08,50.69,58.84,57.21,692.24,15.84,6.1%,3.5%,93.21,36.2%,15.84,5.3%
2026-01-16T07:00:03.545962+00:00,62.08,50.69,58.84,57.21,692.24,15.84,6.1%,3.5%,93.21,36.3%,15.84,5.3%
2026-01-16T07:15:03.126845+00:00,62.08,50.69,58.84,57.21,692.24,15.84,6.1%,3.5%,93.21,36.4%,15.84,5.3%
2026-01-16T07:30:03.253555+00:00,62.08,50.69,58.84,57.21,692.24,15.84,6.1%,3.5%,93.21,36.5%,15.84,5.3%
2026-01-16T07:45:03.152118+00:00,62.08,50.69,58.84,57.21,692.24,15.84,6.1%,3.5%,93.21,36.6%,15.84,5.3%
2026-01-16T08:00:03.584626+00:00,62.08,50.69,58.84,57.21,692.24,15.84,6.1%,3.5%,93.21,36.7%,15.84,5.3%
2026-01-16T08:15:03.332655+00:00,62.08,50.69,58.84,57.21,692.24,15.84,6.1%,3.5%,93.21,36.8%,15.84,5.3%
2026-01-16T16:30:04.687273+00:00,62.32,50.68,58.71,57.24,692.72,15.71,6.1%,3.4%,94.01,48.3%,15.71,5.0%
2026-01-16T16:45:04.270730+00:00,62.57,50.69,58.78,57.34,693.17,15.61,6.1%,3.4%,94.60,48.8%,15.61,4.8%
2026-01-16T17:00:04.225840+00:00,62.83,50.70,58.69,57.41,692.54,15.55,6.1%,3.3%,95.19,65.7%,15.55,4.6%
2026-01-16T17:15:25.732054+00:00,62.65,50.68,58.71,57.35,692.70,15.65,6.1%,3.4%,94.44,48.6%,15.65,4.9%
2026-01-16T17:30:23.356751+00:00,62.55,50.69,58.70,57.31,692.58,15.65,6.1%,3.4%,94.47,48.7%,15.65,4.9%
2026-01-16T17:45:25.858557+00:00,62.60,50.68,58.69,57.32,692.51,15.64,6.1%,3.4%,94.56,48.8%,15.64,4.8%
2026-01-17T19:15:04.504041+00:00,61.90,50.65,58.57,57.04,691.66,15.86,6.1%,3.5%,93.23,36.6%,15.86,5.4%
2026-01-17T19:30:03.460986+00:00,61.90,50.65,58.57,57.04,691.66,15.86,6.1%,3.5%,93.23,36.7%,15.86,5.4%
2026-01-17T19:45:03.575254+00:00,61.90,50.65,58.57,57.04,691.66,15.86,6.1%,3.5%,93.23,36.8%,15.86,5.4%
2026-01-17T20:00:03.915106+00:00,61.90,50.65,58.57,57.04,691.66,15.86,6.1%,3.5%,93.23,36.8%,15.86,5.4%
2026-01-17T20:15:04.253079+00:00,61.90,50.65,58.57,57.04,691.66,15.86,6.1%,3.5%,93.23,36.9%,15.86,5.4%
2026-01-17T20:30:03.589216+00:00,61.90,50.65,58.57,57.04,691.66,15.86,6.1%,3.5%,93.23,37.0%,15.86,5.4%
2026-01-17T20:45:03.386070+00:00,61.90,50.65,58.57,57.04,691.66,15.86,6.1%,3.5%,93.23,37.1%,15.86,5.4%
2026-01-17T21:00:03.485749+00:00,61.90,50.65,58.57,57.04,691.66,15.86,6.1%,3.5%,93.23,37.2%,15.86,5.4%
2026-01-18T06:30:03.312810+00:00,61.90,50.65,58.57,57.04,691.66,15.86,6.1%,3.5%,93.23,37.3%,15.86,5.4%
2026-01-18T06:45:05.673268+00:00,61.90,50.65,58.57,57.04,691.66,15.86,6.1%,3.5%,93.23,37.4%,15.86,5.4%
2026-01-18T07:00:03.175125+00:00,61.90,50.65,58.57,57.04,691.66,15.86,6.1%,3.5%,93.23,37.5%,15.86,5.4%
2026-01-18T07:15:03.154958+00:00,61.90,50.65,58.57,57.04,691.66,15.86,6.1%,3.5%,93.23,37.6%,15.86,5.4%
2026-01-18T07:30:03.474873+00:00,61.90,50.65,58.57,57.04,691.66,15.86,6.1%,3.5%,93.23,37.6%,15.86,5.4%
2026-01-18T07:45:06.827948+00:00,61.90,50.65,58.57,57.04,691.66,15.86,6.1%,3.5%,93.23,37.7%,15.86,5.4%
2026-01-18T08:00:08.407982+00:00,61.90,50.65,58.57,57.04,691.66,15.86,6.1%,3.5%,93.23,37.8%,15.86,5.4%
2026-01-18T08:15:03.387248+00:00,61.90,50.65,58.57,57.04,691.66,15.86,6.1%,3.5%,93.23,37.9%,15.86,5.4%
2026-01-18T20:30:03.144265+00:00,61.90,50.65,58.57,57.04,691.66,15.86,6.1%,3.5%,93.23,38.0%,15.86,5.4%
2026-01-18T20:45:03.783263+00:00,61.90,50.65,58.57,57.04,691.66,15.86,6.1%,3.5%,93.23,38.1%,15.86,5.4%
2026-01-18T21:00:03.566024+00:00,61.90,50.65,58.57,57.04,691.66,15.86,6.1%,3.5%,93.23,38.2%,15.86,5.4%
2026-01-18T21:15:03.769645+00:00,61.90,50.65,58.57,57.04,691.66,15.86,6.1%,3.5%,93.23,38.2%,15.86,5.4%
2026-01-18T21:30:05.136215+00:00,61.90,50.65,58.57,57.04,691.66,15.86,6.1%,3.5%,93.23,38.3%,15.86,5.4%
2026-01-18T21:45:06.215753+00:00,61.90,50.65,58.57,57.04,691.66,15.86,6.1%,3.5%,93.23,38.4%,15.86,5.4%
2026-01-18T22:00:06.776161+00:00,61.90,50.65,58.57,57.04,691.66,15.86,6.1%,3.5%,93.23,38.5%,15.86,5.4%
2026-01-18T22:15:06.022952+00:00,61.90,50.65,58.57,57.04,691.66,15.86,6.1%,3.5%,93.23,38.6%,15.86,5.4%
2026-01-18T22:30:06.098733+00:00,61.90,50.65,58.57,57.04,691.66,15.86,6.1%,3.5%,93.23,38.7%,15.86,5.4%
2026-01-18T22:45:05.722783+00:00,61.90,50.65,58.57,57.04,691.66,15.86,6.1%,3.5%,93.23,38.8%,15.86,5.4%
2026-01-18T23:00:07.963500+00:00,61.90,50.65,58.57,57.04,691.66,15.86,6.1%,3.5%,93.23,38.8%,15.86,5.4%
2026-01-18T23:15:05.763172+00:00,61.90,50.65,58.57,57.04,691.66,15.86,6.1%,3.5%,93.23,38.9%,15.86,5.4%
2026-01-18T23:30:05.213966+00:00,61.90,50.65,58.57,57.04,691.66,15.86,6.1%,3.5%,93.23,39.0%,15.86,5.4%
2026-01-18T23:45:05.331666+00:00,61.90,50.65,58.57,57.04,691.66,15.86,6.1%,3.5%,93.23,39.1%,15.86,5.4%
2026-01-19T02:15:05.110641+00:00,61.90,50.65,58.57,57.04,691.66,15.86,6.1%,3.5%,93.23,39.2%,15.86,5.4%
2026-01-19T03:45:04.512893+00:00,61.90,50.65,58.57,57.04,691.66,15.86,6.1%,3.5%,93.23,39.3%,15.86,5.4%
2026-01-19T04:15:08.774548+00:00,61.90,50.65,58.57,57.04,691.66,15.86,6.1%,3.5%,93.23,39.3%,15.86,5.4%
2026-01-19T04:30:16.265610+00:00,61.90,50.65,58.57,57.04,691.66,15.86,6.1%,3.5%,93.23,39.4%,15.86,5.4%
2026-01-19T04:45:09.986873+00:00,61.90,50.65,58.57,57.04,691.66,15.86,6.1%,3.5%,93.23,39.5%,15.86,5.4%
2026-01-19T05:00:07.918363+00:00,61.90,50.65,58.57,57.04,691.66,15.86,6.1%,3.5%,93.23,39.6%,15.86,5.4%
2026-01-19T05:15:04.393702+00:00,61.90,50.65,58.57,57.04,691.66,15.86,6.1%,3.5%,93.23,39.7%,15.86,5.4%
2026-01-19T06:00:04.748972+00:00,61.90,50.65,58.57,57.04,691.66,15.86,6.1%,3.5%,93.23,39.8%,15.86,5.4%
2026-01-19T06:15:04.777756+00:00,61.90,50.65,58.57,57.04,691.66,15.86,6.1%,3.5%,93.23,39.8%,15.86,5.4%
2026-01-19T06:30:17.330302+00:00,61.90,50.65,58.57,57.04,691.66,15.86,6.1%,3.5%,93.23,39.9%,15.86,5.4%
2026-01-19T06:45:15.694682+00:00,61.90,50.65,58.57,57.04,691.66,15.86,6.1%,3.5%,93.23,40.0%,15.86,5.4%
2026-01-19T07:00:09.694934+00:00,61.90,50.65,58.57,57.04,691.66,15.86,6.1%,3.5%,93.23,40.1%,15.86,5.4%
2026-01-19T07:15:22.868946+00:00,61.90,50.65,58.57,57.04,691.66,15.86,6.1%,3.5%,93.23,40.2%,15.86,5.4%
2026-01-19T07:30:09.131375+00:00,61.90,50.65,58.57,57.04,691.66,15.86,6.1%,3.5%,93.23,40.2%,15.86,5.4%
2026-01-19T07:45:08.128102+00:00,61.90,50.65,58.57,57.04,691.66,15.86,6.1%,3.5%,93.23,40.3%,15.86,5.4%
2026-01-19T17:30:10.724726+00:00,58.47,50.65,58.57,55.89,691.66,18.84,6.1%,4.9%,69.89,0.0%,18.84,12.5%
2026-01-19T17:45:08.214179+00:00,58.47,50.65,58.57,55.89,691.66,18.84,6.1%,4.9%,69.89,0.1%,18.84,12.5%
2026-01-19T18:30:04.292555+00:00,58.47,50.65,58.57,55.89,691.66,18.84,6.1%,4.9%,69.89,0.3%,18.84,12.5%
2026-01-19T19:00:03.827439+00:00,58.47,50.65,58.57,55.89,691.66,18.84,6.1%,4.9%,69.89,0.4%,18.84,12.5%
2026-01-19T19:15:11.620312+00:00,58.47,50.65,58.57,55.89,691.66,18.84,6.1%,4.9%,69.89,0.5%,18.84,12.5%
2026-01-19T19:30:04.173979+00:00,58.47,50.65,58.57,55.89,691.66,18.84,6.1%,4.9%,69.89,0.7%,18.84,12.5%
2026-01-20T02:45:07.687849+00:00,58.47,50.65,58.57,55.89,691.66,18.84,6.1%,4.9%,69.89,0.8%,18.84,12.5%
2026-01-20T03:45:03.444403+00:00,58.47,50.65,58.57,55.89,691.66,18.84,6.1%,4.9%,69.89,0.9%,18.84,12.5%
2026-01-20T04:00:34.913520+00:00,58.47,50.65,58.57,55.89,691.66,18.84,6.1%,4.9%,69.89,1.1%,18.84,12.5%
2026-01-20T04:15:03.765841+00:00,58.47,50.65,58.57,55.89,691.66,18.84,6.1%,4.9%,69.89,1.2%,18.84,12.5%
2026-01-20T04:30:04.194906+00:00,58.47,50.65,58.57,55.89,691.66,18.84,6.1%,4.9%,69.89,1.3%,18.84,12.5%
2026-01-20T04:45:05.455500+00:00,58.47,50.65,58.57,55.89,691.66,18.84,6.1%,4.9%,69.89,1.5%,18.84,12.5%
2026-01-20T05:00:04.698996+00:00,58.47,50.65,58.57,55.89,691.66,18.84,6.1%,4.9%,69.89,1.6%,18.84,12.5%
2026-01-20T05:15:43.817450+00:00,58.47,50.65,58.57,55.89,691.66,18.84,6.1%,4.9%,69.89,1.7%,18.84,12.5%
2026-01-20T05:30:03.585005+00:00,58.47,50.65,58.57,55.89,691.66,18.84,6.1%,4.9%,69.89,1.8%,18.84,12.5%
2026-01-20T05:45:05.497361+00:00,58.47,50.65,58.57,55.89,691.66,18.84,6.1%,4.9%,69.89,2.0%,18.84,12.5%
2026-01-20T06:00:03.369966+00:00,58.47,50.65,58.57,55.89,691.66,18.84,6.1%,4.9%,69.89,2.1%,18.84,12.5%
2026-01-20T14:30:10.310773+00:00,56.63,50.65,56.92,54.74,681.74,20.29,6.4%,5.7%,61.51,0.0%,20.29,16.0%
2026-01-20T14:45:09.131165+00:00,54.23,50.37,57.09,53.90,682.81,20.30,6.4%,5.7%,60.93,0.0%,20.30,16.0%
2026-01-20T15:00:10.198016+00:00,56.14,50.35,56.99,54.49,682.06,19.25,6.4%,5.1%,70.17,2.5%,19.25,13.5%
2026-01-20T15:15:08.171888+00:00,55.51,50.34,56.93,54.26,681.64,19.75,6.4%,5.4%,66.17,0.3%,19.75,14.7%
2026-01-20T15:30:13.716842+00:00,55.17,50.33,57.22,54.24,683.78,19.95,6.4%,5.5%,63.57,0.3%,19.95,15.2%
2026-01-20T16:00:11.627400+00:00,57.28,50.40,57.21,54.96,683.73,18.86,6.4%,4.9%,72.77,2.9%,18.86,12.6%
2026-01-20T16:15:18.834007+00:00,57.11,50.39,57.23,54.91,683.85,18.99,6.4%,5.0%,71.65,2.9%,18.99,12.9%
2026-01-20T17:45:11.428720+00:00,56.92,50.35,56.85,54.71,681.14,19.26,6.5%,5.1%,70.48,2.9%,19.26,13.5%
2026-01-20T18:45:12.920332+00:00,55.90,50.29,56.59,54.26,679.12,19.83,6.5%,5.4%,66.49,0.5%,19.83,14.9%
2026-01-20T20:00:12.432457+00:00,53.95,50.23,56.39,53.52,677.64,20.75,6.6%,6.0%,59.27,0.0%,20.75,17.1%
2026-01-20T20:15:27.313372+00:00,54.05,50.22,56.29,53.52,677.10,20.75,6.6%,6.0%,59.49,0.1%,20.75,17.1%
2026-01-20T20:30:12.548081+00:00,53.92,50.21,56.35,53.49,677.44,20.90,6.6%,6.0%,57.98,0.0%,20.90,17.4%
2026-01-20T20:45:16.957926+00:00,54.22,50.21,56.28,53.57,676.94,20.70,6.6%,5.9%,59.98,0.4%,20.67,16.9%
2026-01-20T21:00:21.651342+00:00,53.94,50.19,56.26,53.47,676.80,20.86,6.6%,6.0%,58.67,0.1%,20.86,17.3%
2026-01-21T04:00:09.327565+00:00,54.84,50.21,56.37,53.81,677.58,20.09,6.6%,5.6%,64.95,1.0%,20.09,15.5%
2026-01-21T04:15:07.439772+00:00,54.84,50.21,56.37,53.81,677.58,20.09,6.6%,5.6%,64.95,1.2%,20.09,15.5%
2026-01-21T04:45:06.882493+00:00,54.84,50.21,56.37,53.81,677.58,20.09,6.6%,5.6%,64.95,1.3%,20.09,15.5%
2026-01-21T05:00:09.380575+00:00,54.84,50.21,56.37,53.81,677.58,20.09,6.6%,5.6%,64.95,1.4%,20.09,15.5%
2026-01-21T05:15:03.813448+00:00,54.84,50.21,56.37,53.81,677.58,20.09,6.6%,5.6%,64.95,1.5%,20.09,15.5%
2026-01-21T05:30:04.720851+00:00,54.84,50.21,56.37,53.81,677.58,20.09,6.6%,5.6%,64.95,1.7%,20.09,15.5%
