Timestamp,General Market Score,Large Market Cap Score,EMA Score,Combined Score,Live SPY Price,Live VIX Price,Momentum Based Recession Chance,VIX Based Recession Chance,Raw Market Invest Score,Market Score Percentile,Market IV,Market IVR
2025-07-23T08:32:12.130411+00:00,57.65,51.34,70.19,59.73,628.86,16.24,9.6%,3.7%,112.13,0.0%,N/A,0.0%
2025-07-23T08:33:37.021312+00:00,57.65,51.34,70.19,59.73,628.86,16.24,9.6%,3.7%,112.13,100.0%,N/A,0.0%
2025-07-24T04:25:50.176723+00:00,61.21,57.38,70.66,63.09,634.21,15.37,9.4%,3.3%,115.21,100.0%,N/A,0.0%
2025-07-24T04:31:13.920470+00:00,61.21,57.38,70.66,63.09,634.21,15.37,9.4%,3.3%,115.21,100.0%,N/A,0.0%
2025-07-24T04:32:10.881113+00:00,61.21,57.38,70.66,63.09,634.21,15.37,9.4%,3.3%,115.21,100.0%,N/A,0.0%
2025-07-24T04:32:47.953977+00:00,61.21,57.38,70.66,63.09,634.21,15.37,9.4%,3.3%,115.21,100.0%,N/A,0.0%
2025-07-25T06:14:04.660944+00:00,58.32,54.83,70.87,61.34,634.42,15.39,9.4%,3.3%,115.09,33.3%,N/A,0.0%
2025-07-25T16:32:29.465761+00:00,58.25,50.75,71.22,60.07,636.94,15.09,9.3%,3.2%,116.05,100.0%,N/A,0.0%
2025-07-26T05:19:24.346597+00:00,59.54,53.29,71.26,61.36,637.10,14.93,9.3%,3.1%,116.72,100.0%,N/A,0.0%
2025-07-26T06:00:35.608656+00:00,59.54,53.29,71.26,61.36,637.10,14.93,9.3%,3.1%,116.72,100.0%,N/A,0.0%
2025-07-26T06:04:21.826664+00:00,59.54,53.29,71.26,61.36,637.10,14.93,9.3%,3.1%,116.72,100.0%,N/A,0.0%
2025-07-26T06:09:07.292503+00:00,59.54,53.29,71.26,61.36,637.10,14.93,9.3%,3.1%,116.72,100.0%,N/A,0.0%
2025-07-26T06:14:27.284173+00:00,59.54,53.29,71.26,61.36,637.10,14.93,9.3%,3.1%,116.72,100.0%,N/A,0.0%
2025-07-26T06:15:41.856249+00:00,59.54,53.29,71.26,61.36,637.10,14.93,9.3%,3.1%,116.72,100.0%,N/A,0.0%
2025-07-28T18:32:15.417448+00:00,57.07,46.34,71.21,58.21,635.98,15.37,9.3%,3.3%,114.92,14.3%,N/A,0.0%
2025-07-28T18:32:50.824729+00:00,57.13,46.34,71.21,58.22,636.01,15.37,9.3%,3.3%,114.91,13.3%,N/A,0.0%
2025-07-29T16:34:42.465407+00:00,55.78,46.02,71.04,57.61,635.52,15.19,9.3%,3.2%,115.80,56.2%,N/A,0.0%
2025-07-31T08:22:53.260513+00:00,53.86,39.59,70.42,54.63,634.46,14.87,9.4%,3.1%,117.40,100.0%,N/A,0.0%
2025-08-01T02:22:48.761184+00:00,49.03,34.88,69.47,51.13,632.08,16.72,9.5%,3.9%,109.25,0.0%,N/A,0.0%
2025-08-08T09:21:08.776768+00:00,49.64,45.01,64.98,53.21,632.25,16.33,8.6%,3.7%,106.84,0.0%,N/A,0.0%
2025-08-11T00:12:54.236272+00:00,51.81,50.69,65.36,55.95,637.18,15.15,8.3%,3.2%,111.95,10.0%,N/A,0.0%
2025-08-11T00:30:28.013534+00:00,51.81,50.69,65.36,55.95,637.18,15.15,8.3%,3.2%,111.95,14.3%,3.17,0.0%
2025-08-11T00:37:39.828106+00:00,51.82,50.69,65.36,55.96,637.18,15.15,8.3%,3.2%,111.95,18.2%,3.17,100.0%
2025-08-11T00:43:53.808055+00:00,51.81,50.69,65.36,55.95,637.18,15.15,8.3%,3.2%,111.95,21.7%,2.77,0.0%
2025-08-11T00:53:13.200718+00:00,51.82,50.69,65.36,55.96,637.18,15.15,8.3%,3.2%,111.95,25.0%,2.77,33.3%
2025-08-11T01:00:34.240275+00:00,51.81,50.69,65.36,55.95,637.18,15.15,8.3%,3.2%,111.95,28.0%,2.77,50.0%
2025-08-11T01:07:50.281233+00:00,51.81,50.69,65.36,55.95,637.18,15.15,8.3%,3.2%,111.95,30.8%,2.77,60.0%
2025-08-11T01:13:07.497353+00:00,51.81,50.69,65.36,55.95,637.18,15.15,8.3%,3.2%,111.95,33.3%,2.76,0.0%
2025-08-11T01:20:48.035150+00:00,N/A,N/A,N/A,N/A,N/A,15.15,8.3%,3.2%,111.95,35.7%,2.63,0.0%
2025-08-11T01:24:43.561330+00:00,51.81,50.69,65.36,55.95,637.18,15.15,8.3%,3.2%,111.95,37.9%,2.55,0.0%
2025-08-11T01:29:08.151718+00:00,51.81,50.69,65.36,55.95,637.18,15.15,8.3%,3.2%,111.95,40.0%,2.55,0.0%
2025-08-11T01:34:43.368742+00:00,51.81,50.69,65.36,55.95,637.18,15.15,8.3%,3.2%,111.95,41.9%,2.55,0.0%
2025-08-11T01:38:47.643642+00:00,51.81,50.69,65.36,55.95,637.18,15.15,8.3%,3.2%,111.95,43.8%,2.55,0.0%
2025-08-11T01:44:26.922211+00:00,51.81,50.69,65.36,55.95,637.18,15.15,8.3%,3.2%,111.95,45.5%,2.55,0.0%
2025-08-11T02:24:54.473934+00:00,51.81,50.69,65.36,55.95,637.18,15.15,8.3%,3.2%,111.95,47.1%,2.55,0.0%
2025-08-11T02:46:11.230418+00:00,51.81,50.69,65.36,55.95,637.18,15.15,8.3%,3.2%,111.95,48.6%,2.32,0.0%
2025-08-11T02:57:43.655002+00:00,51.81,50.69,65.36,55.95,637.18,15.15,8.3%,3.2%,111.95,50.0%,2.31,0.0%
2025-08-11T02:59:49.478514+00:00,51.81,50.69,65.36,55.95,637.18,15.15,8.3%,3.2%,111.95,51.4%,2.20,0.0%
2025-08-11T03:02:02.833482+00:00,51.81,50.69,65.36,55.95,637.18,15.15,8.3%,3.2%,111.95,52.6%,1.99,0.0%
2025-08-11T03:13:08.693109+00:00,51.81,50.69,65.36,55.95,637.18,15.15,8.3%,3.2%,111.95,53.8%,0.95,0.0%
2025-08-11T03:18:44.882101+00:00,51.82,50.69,65.36,55.96,637.18,15.15,8.3%,3.2%,111.95,55.0%,0.65,0.0%
2025-08-11T04:33:47.181152+00:00,51.81,50.69,65.36,55.95,637.18,15.15,8.3%,3.2%,111.95,56.1%,0.00,0.0%
2025-08-11T04:38:33.899549+00:00,51.82,50.69,65.36,55.96,637.18,15.15,8.3%,3.2%,111.95,57.1%,0.00,4.8%
2025-08-11T04:47:43.642222+00:00,51.81,50.69,65.36,55.95,637.18,15.15,8.3%,3.2%,111.95,58.1%,0.00,9.1%
2025-08-11T04:56:56.471842+00:00,51.81,50.69,65.36,55.95,637.18,15.15,8.3%,3.2%,111.95,59.1%,0.00,13.0%
2025-08-11T05:00:41.321756+00:00,51.81,50.69,65.36,55.95,637.18,15.15,8.3%,3.2%,111.95,60.0%,0.00,16.7%
2025-08-11T05:12:07.755935+00:00,51.81,50.69,65.36,55.95,637.18,15.15,8.3%,3.2%,111.95,60.9%,0.00,20.0%
2025-08-11T05:16:43.342629+00:00,51.81,50.69,65.36,55.95,637.18,15.15,8.3%,3.2%,111.95,61.7%,0.00,23.1%
2025-08-11T05:22:04.014508+00:00,51.81,50.69,65.36,55.95,637.18,15.15,8.3%,3.2%,111.95,62.5%,0.00,25.9%
2025-08-11T05:28:24.116200+00:00,51.81,50.69,65.36,55.95,637.18,15.15,8.3%,3.2%,111.95,63.3%,0.00,28.6%
2025-08-11T05:53:23.376150+00:00,51.81,50.69,65.36,55.95,637.18,15.15,8.3%,3.2%,111.95,64.0%,0.00,31.0%
2025-08-11T06:03:07.952071+00:00,51.81,50.69,65.36,55.95,637.18,15.15,8.3%,3.2%,111.95,64.7%,0.00,33.3%
2025-08-11T06:07:57.737804+00:00,51.81,50.69,65.36,55.95,637.18,15.15,8.3%,3.2%,111.95,65.4%,0.00,35.5%
2025-08-11T06:14:13.007367+00:00,51.81,50.69,65.36,55.95,637.18,15.15,8.3%,3.2%,111.95,66.0%,0.00,37.5%
2025-08-11T06:49:23.736767+00:00,51.81,50.69,65.36,55.95,637.18,15.15,8.3%,3.2%,111.95,66.7%,0.00,39.4%
2025-08-12T23:40:23.495754+00:00,46.81,29.05,66.19,47.35,642.69,14.73,8.1%,3.0%,113.05,70.9%,0.00,41.2%
2025-08-13T00:17:17.066050+00:00,46.81,29.05,66.19,47.35,642.69,14.73,8.1%,3.0%,113.05,71.4%,0.14,42.9%
2025-08-13T00:23:49.197681+00:00,46.81,29.05,66.19,47.35,642.69,14.73,8.1%,3.0%,113.05,71.9%,0.14,41.7%
2025-08-25T18:53:36.331471+00:00,48.88,28.84,64.80,47.50,644.17,14.40,8.1%,2.9%,114.43,72.4%,0.14,40.5%
2025-08-26T14:48:45.499168+00:00,48.44,28.77,64.30,47.17,642.83,14.95,8.1%,3.1%,111.92,3.4%,0.31,47.4%
2025-08-26T15:18:38.350571+00:00,48.33,28.78,50.00,42.37,642.41,14.94,N/A,3.1%,N/A,0.0%,0.63,48.7%
2025-08-26T15:31:58.241575+00:00,48.30,28.77,64.25,47.11,642.54,14.98,8.1%,3.1%,111.82,3.3%,0.63,50.0%
2025-08-26T15:45:36.561986+00:00,48.33,28.77,64.28,47.13,642.76,14.92,8.1%,3.1%,112.08,63.9%,0.64,51.2%
2025-08-27T04:10:20.475162+00:00,48.98,28.85,64.64,47.49,645.16,14.62,8.0%,3.0%,113.16,72.6%,0.68,54.8%
2025-08-27T04:12:22.006280+00:00,48.98,28.85,64.64,47.49,645.16,14.62,8.0%,3.0%,113.16,71.4%,0.81,55.8%
2025-08-27T04:17:06.438089+00:00,48.98,28.85,64.64,47.49,645.16,14.62,8.0%,3.0%,113.16,70.3%,0.81,56.8%
2025-08-27T04:21:11.784383+00:00,48.98,28.85,64.64,47.49,645.16,14.62,8.0%,3.0%,113.16,69.2%,0.81,57.8%
2025-08-27T04:25:07.313446+00:00,48.98,28.85,64.64,47.49,645.16,14.62,8.0%,3.0%,113.16,68.2%,0.81,58.7%
2025-08-27T04:37:36.830405+00:00,61.38,28.85,64.64,51.62,645.16,14.62,8.0%,3.0%,113.16,67.2%,0.81,59.6%
2025-08-27T13:45:24.222557+00:00,48.00,28.81,64.60,47.14,645.18,15.00,8.0%,3.1%,111.22,2.9%,0.81,60.4%
2025-08-27T13:49:11.657789+00:00,48.24,28.82,64.57,47.21,644.97,14.92,8.0%,3.1%,111.66,4.3%,1.06,63.3%
2025-08-27T13:54:12.642779+00:00,48.56,28.82,64.62,47.33,645.25,14.84,8.0%,3.0%,112.02,58.6%,1.12,64.0%
2025-08-27T16:43:44.604426+00:00,61.42,50.55,64.71,58.90,645.94,15.15,8.0%,3.2%,110.29,2.8%,1.16,64.7%
2025-08-27T17:15:52.315701+00:00,N/A,N/A,N/A,N/A,N/A,15.03,8.0%,3.1%,110.83,4.2%,1.38,65.4%
2025-08-27T18:36:40.029156+00:00,62.16,50.75,64.91,59.27,647.21,14.91,7.9%,3.1%,111.28,6.8%,1.45,66.0%
2025-08-27T19:59:48.544700+00:00,62.75,62.60,64.85,63.40,647.20,14.98,8.0%,3.1%,111.00,5.4%,1.51,66.7%
2025-08-27T21:36:09.080407+00:00,62.48,51.02,64.82,59.44,646.63,14.85,8.0%,3.1%,111.71,10.7%,1.55,67.3%
2025-08-28T01:59:11.534372+00:00,62.23,50.90,64.82,59.32,646.63,14.85,8.0%,3.1%,111.71,11.8%,1.50,64.3%
2025-08-28T02:56:33.940222+00:00,62.23,51.02,64.82,59.36,646.63,14.85,8.0%,3.1%,111.71,13.0%,1.50,63.2%
2025-08-28T03:44:31.385875+00:00,62.38,50.90,64.82,59.37,646.63,14.85,8.0%,3.1%,111.71,14.1%,1.50,62.1%
2025-08-28T04:17:24.960733+00:00,62.30,51.02,64.82,59.38,646.63,14.85,8.0%,3.1%,111.71,15.2%,1.32,57.6%
2025-08-28T13:39:57.556614+00:00,63.07,47.06,64.95,58.36,646.63,14.24,7.9%,2.8%,114.65,80.0%,1.00,51.7%
2025-08-29T04:39:40.471708+00:00,62.14,47.24,65.17,58.18,648.92,14.43,7.9%,2.9%,113.44,77.8%,1.36,59.0%
2025-08-29T05:05:23.352617+00:00,62.14,47.24,65.17,58.18,648.92,14.43,7.9%,2.9%,113.44,76.8%,1.48,62.9%
2025-09-23T16:55:33.074587+00:00,58.27,47.55,67.96,57.93,665.54,16.32,6.7%,3.7%,94.74,0.0%,1.34,57.1%
2025-10-06T13:46:13.539854+00:00,56.94,46.94,66.53,56.80,670.91,16.75,6.9%,3.9%,93.66,0.0%,17.85,0.0%
2025-10-06T14:03:20.810546+00:00,57.25,43.52,66.36,55.71,669.62,16.86,6.9%,3.9%,93.25,0.0%,3.90,98.5%
2025-10-06T14:08:26.688392+00:00,56.35,46.91,66.36,56.54,669.78,16.94,6.9%,4.0%,92.70,0.0%,54.25,100.0%
2025-10-06T14:10:19.183817+00:00,56.21,46.90,66.33,56.48,669.55,16.97,6.9%,4.0%,92.55,0.0%,57.54,100.0%
2025-10-14T18:53:24.041809+00:00,52.37,46.67,61.95,53.66,664.95,19.56,7.1%,5.3%,75.40,0.0%,29.80,51.8%
2025-10-15T13:24:49.074812+00:00,52.04,46.60,61.56,53.40,662.23,19.46,7.2%,5.2%,77.14,1.1%,14.28,24.8%
2025-10-16T07:03:33.391623+00:00,51.70,46.68,61.24,53.21,665.17,20.64,7.1%,5.9%,66.84,0.0%,13.48,23.4%
2025-10-16T07:11:03.671725+00:00,51.70,46.68,61.24,53.21,665.17,20.64,7.1%,5.9%,66.84,1.1%,13.48,23.4%
2025-10-16T07:13:29.657144+00:00,51.70,46.68,61.24,53.21,665.17,20.64,7.1%,5.9%,66.84,2.2%,13.48,23.4%
2025-10-16T07:13:31.061791+00:00,51.70,46.68,61.24,53.21,665.17,20.64,7.1%,5.9%,66.84,3.2%,13.48,23.4%
2025-10-16T07:17:11.383127+00:00,51.70,46.68,61.24,53.21,665.17,20.64,7.1%,5.9%,66.84,4.3%,13.48,23.4%
2025-10-16T07:17:12.679625+00:00,51.70,46.68,61.24,53.21,665.17,20.64,7.1%,5.9%,66.84,5.3%,13.48,23.4%
2025-10-16T07:17:43.345055+00:00,51.70,46.68,61.24,53.21,665.17,20.64,7.1%,5.9%,66.84,6.2%,13.48,23.4%
2025-10-16T07:17:44.688614+00:00,51.70,46.68,61.24,53.21,665.17,20.64,7.1%,5.9%,66.84,7.2%,13.48,23.4%
2025-10-16T07:23:16.230507+00:00,51.70,46.68,61.24,53.21,665.17,20.64,7.1%,5.9%,66.84,8.2%,13.48,23.4%
2025-10-16T07:23:17.680193+00:00,51.70,46.68,61.24,53.21,665.17,20.64,7.1%,5.9%,66.84,9.1%,13.48,23.4%
2025-10-16T07:26:39.891483+00:00,51.70,46.68,61.24,53.21,665.17,20.64,7.1%,5.9%,66.84,10.0%,13.48,23.4%
2025-10-16T07:28:00.296278+00:00,51.70,46.68,61.24,53.21,665.17,20.64,7.1%,5.9%,66.84,10.9%,13.48,23.4%
2025-10-16T14:17:55.144809+00:00,51.14,46.74,61.10,52.99,666.53,20.64,7.0%,5.9%,66.29,0.0%,51.56,89.6%
2025-10-16T14:19:43.713813+00:00,50.89,46.73,61.10,52.91,666.60,20.82,7.0%,6.0%,64.80,0.0%,47.20,82.0%
2025-10-16T16:37:53.049273+00:00,47.96,46.65,60.24,51.62,660.47,22.26,7.3%,6.9%,55.47,0.0%,57.88,100.0%
2025-10-16T16:39:17.303199+00:00,47.86,46.65,60.30,51.60,660.90,22.33,7.2%,6.9%,54.69,0.0%,56.58,97.7%
2025-10-16T16:43:46.327377+00:00,47.16,46.62,60.31,51.36,660.97,22.76,7.2%,7.2%,50.96,0.0%,57.15,98.7%
2025-10-16T16:45:07.327256+00:00,47.11,46.61,60.24,51.32,660.51,22.78,7.3%,7.2%,51.00,0.9%,57.32,99.0%
2025-10-16T16:48:16.879496+00:00,45.22,46.55,60.24,50.67,660.58,24.07,7.3%,8.0%,39.47,0.0%,56.26,97.2%
2025-10-16T16:49:32.039277+00:00,45.41,46.55,60.26,50.74,660.69,23.94,7.2%,7.9%,40.56,0.9%,54.73,94.6%
2025-10-16T16:51:17.149633+00:00,45.46,46.57,60.39,50.80,661.53,23.93,7.2%,7.9%,40.17,0.9%,49.44,85.4%
2025-10-16T16:52:24.533947+00:00,45.88,46.58,60.36,50.94,661.38,23.61,7.2%,7.7%,43.21,2.7%,51.39,88.8%
2025-10-16T16:54:32.353346+00:00,45.72,46.57,60.39,50.89,661.56,23.71,7.2%,7.8%,42.19,2.7%,50.99,88.1%
2025-10-16T16:55:44.072034+00:00,45.48,46.55,60.49,50.84,662.25,23.87,7.2%,7.9%,40.36,1.8%,49.52,85.6%
2025-10-16T20:09:48.756273+00:00,44.19,46.58,60.27,50.35,660.69,24.48,7.2%,8.3%,35.57,0.0%,31.15,53.8%
2025-10-16T20:11:06.570879+00:00,44.12,46.58,60.27,50.32,660.69,24.51,7.2%,8.3%,35.29,0.0%,30.57,52.8%
2025-10-16T20:14:36.203793+00:00,43.76,46.57,60.27,50.20,660.69,24.75,7.2%,8.5%,33.03,0.0%,30.41,52.5%
2025-10-16T20:14:38.415303+00:00,43.79,46.57,60.27,50.21,660.69,24.75,7.2%,8.5%,33.03,0.0%,30.41,52.5%
2025-10-16T20:15:23.460030+00:00,44.06,46.58,60.26,50.30,660.64,24.55,7.3%,8.3%,34.94,1.7%,31.24,54.0%
2025-10-16T20:15:25.237078+00:00,44.06,46.58,60.26,50.30,660.64,24.55,7.3%,8.3%,34.94,2.5%,31.24,54.0%
2025-10-17T02:42:09.353153+00:00,43.54,46.58,60.26,50.13,660.64,25.31,7.3%,8.9%,27.71,0.0%,78.35,100.0%
2025-10-17T02:42:11.114473+00:00,43.54,46.58,60.26,50.13,660.64,25.31,7.3%,8.9%,27.71,0.0%,78.35,100.0%
2025-10-17T02:44:17.967818+00:00,43.54,46.58,60.26,50.13,660.64,25.31,7.3%,8.9%,27.71,0.0%,78.35,100.0%
2025-10-17T02:44:19.659183+00:00,43.54,46.58,60.26,50.13,660.64,25.31,7.3%,8.9%,27.71,0.0%,78.35,100.0%
2025-10-17T02:59:10.618268+00:00,43.54,46.58,60.26,50.13,660.64,25.31,7.3%,8.9%,27.71,0.0%,78.35,100.0%
2025-10-17T03:00:50.956805+00:00,43.54,46.58,60.26,50.13,660.64,25.31,7.3%,8.9%,27.71,0.0%,78.35,100.0%
2025-10-17T03:01:53.605252+00:00,43.54,46.58,60.26,50.13,660.64,25.31,7.3%,8.9%,27.71,0.0%,78.35,100.0%
2025-10-17T03:03:35.562925+00:00,43.54,46.58,60.26,50.13,660.64,25.31,7.3%,8.9%,27.71,0.0%,78.35,100.0%
2025-10-17T03:04:04.148739+00:00,43.54,46.58,60.26,50.13,660.64,25.31,7.3%,8.9%,27.71,0.0%,78.35,100.0%
2025-10-17T03:11:41.958087+00:00,43.54,46.58,60.26,50.13,660.64,25.31,7.3%,8.9%,27.71,0.0%,78.35,100.0%
2025-10-17T03:13:37.559411+00:00,43.54,46.58,60.26,50.13,660.64,25.31,7.3%,8.9%,27.71,0.0%,78.35,100.0%
2025-10-17T04:08:19.203431+00:00,43.54,46.58,60.26,50.13,660.64,25.31,7.3%,8.9%,27.71,0.0%,78.35,100.0%
2025-10-17T04:09:51.616586+00:00,43.54,46.58,60.26,50.13,660.64,25.31,7.3%,8.9%,27.71,0.0%,78.35,100.0%
2025-10-17T04:09:57.590908+00:00,43.54,46.58,60.26,50.13,660.64,25.31,7.3%,8.9%,27.71,0.0%,78.35,100.0%
2025-10-17T04:10:05.048713+00:00,43.54,46.58,60.26,50.13,660.64,25.31,7.3%,8.9%,27.71,0.0%,78.35,100.0%
2025-10-17T04:11:35.918863+00:00,43.54,46.58,60.26,50.13,660.64,25.31,7.3%,8.9%,27.71,0.0%,78.35,100.0%
2025-10-17T04:16:21.994474+00:00,43.54,46.58,60.26,50.13,660.64,25.31,7.3%,8.9%,27.71,0.0%,78.35,100.0%
2025-10-17T04:18:27.576604+00:00,43.54,46.58,60.26,50.13,660.64,25.31,7.3%,8.9%,27.71,0.0%,78.35,100.0%
2025-10-17T04:18:35.830851+00:00,43.54,46.58,60.26,50.13,660.64,25.31,7.3%,8.9%,27.71,0.0%,78.35,100.0%
2025-10-17T04:18:48.326762+00:00,43.54,46.58,60.26,50.13,660.64,25.31,7.3%,8.9%,27.71,0.0%,78.35,100.0%
2025-10-17T04:20:54.350272+00:00,43.54,46.58,60.26,50.13,660.64,25.31,7.3%,8.9%,27.71,0.0%,78.35,100.0%
2025-10-17T05:17:34.243715+00:00,43.54,46.58,60.26,50.13,660.64,25.31,7.3%,8.9%,27.71,0.0%,22.55,28.8%
2025-10-17T05:17:34.251340+00:00,43.54,46.58,60.26,50.13,660.64,25.31,7.3%,8.9%,27.71,0.0%,22.55,28.8%
2025-10-17T05:17:40.839830+00:00,43.54,46.58,60.26,50.13,660.64,25.31,7.3%,8.9%,27.71,0.0%,22.55,28.8%
2025-10-17T05:17:40.989589+00:00,43.54,46.58,60.26,50.13,660.64,25.31,7.3%,8.9%,27.71,0.0%,22.55,28.8%
2025-10-17T05:17:47.224027+00:00,43.54,46.58,60.26,50.13,660.64,25.31,7.3%,8.9%,27.71,0.0%,22.55,28.8%
2025-10-17T05:17:47.263882+00:00,43.54,46.58,60.26,50.13,660.64,25.31,7.3%,8.9%,27.71,0.0%,22.55,28.8%
2025-10-17T05:17:53.534902+00:00,43.54,46.58,60.26,50.13,660.64,25.31,7.3%,8.9%,27.71,0.0%,22.55,28.8%
2025-10-17T05:17:53.550976+00:00,43.54,46.58,60.26,50.13,660.64,25.31,7.3%,8.9%,27.71,0.0%,22.55,28.8%
2025-10-17T05:18:00.018256+00:00,43.54,46.58,60.26,50.13,660.64,25.31,7.3%,8.9%,27.71,0.0%,22.55,28.8%
2025-10-17T05:18:00.052838+00:00,43.54,46.58,60.26,50.13,660.64,25.31,7.3%,8.9%,27.71,0.0%,22.55,28.8%
2025-10-17T05:18:06.050270+00:00,43.54,46.58,60.26,50.13,660.64,25.31,7.3%,8.9%,27.71,0.0%,22.55,28.8%
2025-10-17T05:18:06.083873+00:00,43.54,46.58,60.26,50.13,660.64,25.31,7.3%,8.9%,27.71,0.0%,22.55,28.8%
2025-10-17T05:18:12.389825+00:00,43.54,46.58,60.26,50.13,660.64,25.31,7.3%,8.9%,27.71,0.0%,22.55,28.8%
2025-10-17T05:18:12.502161+00:00,43.54,46.58,60.26,50.13,660.64,25.31,7.3%,8.9%,27.71,0.0%,22.55,28.8%
2025-10-17T05:26:43.265637+00:00,43.54,46.58,60.26,50.13,660.64,25.31,7.3%,8.9%,27.71,0.0%,22.55,28.8%
2025-10-17T05:26:43.678771+00:00,43.54,46.58,60.26,50.13,660.64,25.31,7.3%,8.9%,27.71,0.0%,22.55,28.8%
2025-10-17T05:26:51.418641+00:00,43.54,46.58,60.26,50.13,660.64,25.31,7.3%,8.9%,27.71,0.0%,22.55,28.8%
2025-10-17T05:26:51.536662+00:00,43.54,46.58,60.26,50.13,660.64,25.31,7.3%,8.9%,27.71,0.0%,22.55,28.8%
2025-10-17T05:29:51.315440+00:00,43.54,46.58,60.26,50.13,660.64,25.31,7.3%,8.9%,27.71,0.0%,22.55,28.8%
2025-10-17T05:44:29.064887+00:00,43.54,46.58,60.26,50.13,660.64,25.31,7.3%,8.9%,27.71,0.0%,22.55,28.8%
2025-10-17T05:47:10.431599+00:00,43.54,46.58,60.26,50.13,660.64,25.31,7.3%,8.9%,27.71,0.0%,22.55,28.8%
2025-10-17T06:18:52.266176+00:00,43.54,46.58,60.26,50.13,660.64,25.31,7.3%,8.9%,27.71,0.0%,22.55,28.8%
2025-10-17T06:25:45.790794+00:00,43.54,46.58,60.26,50.13,660.64,25.31,7.3%,8.9%,27.71,0.0%,22.55,28.8%
2025-10-17T14:29:59.542558+00:00,44.84,46.65,59.69,50.39,662.37,23.44,7.2%,7.6%,44.22,34.1%,78.22,99.8%
2025-10-17T15:29:23.459472+00:00,42.40,46.55,59.28,49.41,659.45,24.60,7.3%,8.4%,35.14,29.1%,103.53,100.0%
2025-10-17T15:31:59.196325+00:00,42.20,46.54,59.23,49.33,659.15,24.68,7.3%,8.4%,34.56,27.7%,109.13,100.0%
2025-10-17T17:00:37.636827+00:00,43.45,46.62,59.62,49.90,661.85,23.77,7.2%,7.8%,41.49,33.5%,111.72,100.0%
2025-10-17T17:20:31.936612+00:00,43.27,46.61,59.47,49.79,660.82,23.79,7.2%,7.8%,41.86,33.9%,114.73,100.0%
2025-10-17T17:23:31.047937+00:00,43.23,46.62,59.56,49.80,661.43,23.86,7.2%,7.9%,40.89,33.1%,107.80,94.0%
2025-10-17T17:49:45.721616+00:00,43.41,46.63,59.55,49.86,661.39,23.73,7.2%,7.8%,42.10,34.7%,84.11,73.3%
2025-10-17T17:50:14.170957+00:00,43.47,46.63,59.61,49.90,661.74,23.70,7.2%,7.8%,42.18,35.1%,82.81,72.2%
2025-10-17T17:50:34.277148+00:00,43.56,46.63,59.64,49.94,662.12,23.66,7.2%,7.7%,42.41,36.0%,80.77,70.4%
2025-10-18T03:36:48.165604+00:00,47.44,46.69,59.98,51.37,664.39,20.78,7.1%,6.0%,66.03,40.5%,27.01,23.5%
2025-10-18T03:39:26.443827+00:00,47.44,46.69,59.98,51.37,664.39,20.78,7.1%,6.0%,66.03,40.8%,N/A,N/A
2025-10-18T03:39:55.966898+00:00,47.44,46.69,59.98,51.37,664.39,20.78,7.1%,6.0%,66.03,41.1%,27.01,23.5%
2025-10-18T03:41:12.688668+00:00,47.44,46.69,59.98,51.37,664.39,20.78,7.1%,6.0%,66.03,41.5%,27.01,23.5%
2025-10-18T03:48:53.225977+00:00,47.44,46.69,59.98,51.37,664.39,20.78,7.1%,6.0%,66.03,41.8%,27.01,23.5%
2025-10-18T03:51:22.596546+00:00,47.44,46.69,59.98,51.37,664.39,20.78,7.1%,6.0%,66.03,42.1%,27.01,23.5%
2025-10-19T04:55:47.194858+00:00,47.44,46.69,59.98,51.37,664.39,20.78,7.1%,6.0%,66.03,42.5%,32.90,28.7%
2025-10-19T05:02:17.566873+00:00,47.44,46.69,59.98,51.37,664.39,20.78,7.1%,6.0%,66.03,42.8%,32.90,28.7%
2025-10-19T05:19:33.498940+00:00,47.44,46.69,59.98,51.37,664.39,20.78,7.1%,6.0%,66.03,43.1%,32.90,28.7%
2025-10-19T05:23:14.915519+00:00,47.44,46.69,59.98,51.37,664.39,20.78,7.1%,6.0%,66.03,43.4%,32.90,28.7%
2025-10-19T05:48:35.613355+00:00,47.44,46.69,59.98,51.37,664.39,20.78,7.1%,6.0%,66.03,43.7%,32.90,28.7%
2025-10-19T23:44:07.325702+00:00,47.44,46.69,59.98,51.37,664.39,20.78,7.1%,6.0%,66.03,44.0%,38.68,33.7%
2025-10-20T02:34:32.651866+00:00,47.44,46.69,59.98,51.37,664.39,20.78,7.1%,6.0%,66.03,44.3%,54.23,47.3%
2025-10-20T03:19:45.012209+00:00,47.44,46.69,59.98,51.37,664.39,20.78,7.1%,6.0%,66.03,44.6%,54.23,47.3%
2025-10-20T03:25:19.895889+00:00,47.44,46.69,59.98,51.37,664.39,20.78,7.1%,6.0%,66.03,44.9%,54.23,47.3%
2025-10-20T03:30:18.384532+00:00,47.44,46.69,59.98,51.37,664.39,20.78,7.1%,6.0%,66.03,45.2%,54.23,47.3%
2025-10-20T13:11:47.680243+00:00,47.98,46.69,59.98,51.55,664.39,20.31,7.1%,5.7%,69.79,52.4%,14.45,12.6%
2025-10-20T13:11:49.631581+00:00,47.99,46.69,59.98,51.55,664.39,20.30,7.1%,5.7%,69.87,52.6%,14.45,12.6%
2025-10-20T13:18:29.907728+00:00,48.09,46.69,59.98,51.58,664.39,20.22,7.1%,5.7%,70.50,52.9%,14.45,12.6%
2025-10-20T13:25:28.143546+00:00,48.14,46.69,59.98,51.60,664.39,20.17,7.1%,5.6%,70.89,53.1%,N/A,N/A
2025-10-20T13:27:53.921006+00:00,48.12,46.69,59.98,51.60,664.39,20.19,7.1%,5.6%,70.73,52.8%,N/A,N/A
2025-10-20T13:46:34.981927+00:00,48.28,46.69,60.27,51.75,668.48,20.10,7.0%,5.6%,69.83,51.5%,14.59,12.7%
2025-10-20T13:57:48.344242+00:00,49.67,46.80,60.29,52.25,668.92,20.11,7.0%,5.6%,69.59,50.8%,14.75,12.9%
2025-10-20T14:14:47.843705+00:00,50.67,46.81,60.43,52.64,669.56,19.53,6.9%,5.3%,73.91,54.1%,37.06,32.3%
2025-10-20T14:24:00.898373+00:00,50.89,46.83,60.43,52.72,669.59,19.19,6.9%,5.1%,76.51,54.8%,37.82,33.0%
2025-10-20T14:42:33.687846+00:00,51.19,46.85,60.59,52.88,670.69,18.99,6.9%,5.0%,77.65,55.6%,37.07,32.3%
2025-10-20T15:15:17.925918+00:00,52.09,46.88,60.54,53.17,670.38,18.68,6.9%,4.8%,80.12,55.8%,50.87,44.3%
2025-10-20T18:50:22.699390+00:00,52.31,46.90,60.69,53.30,671.40,18.57,6.9%,4.8%,80.58,56.0%,52.20,45.5%
2025-10-20T19:16:19.213438+00:00,52.50,46.90,60.69,53.36,671.39,18.44,6.9%,4.7%,81.53,56.2%,49.03,42.7%
2025-10-20T19:18:22.567277+00:00,52.52,46.90,60.69,53.37,671.43,18.42,6.9%,4.7%,81.68,56.4%,38.53,33.6%
2025-10-20T19:19:23.689696+00:00,52.54,46.90,60.69,53.38,671.39,18.41,6.9%,4.7%,81.77,56.7%,37.35,32.6%
2025-10-20T19:27:18.956096+00:00,52.47,46.90,60.71,53.36,671.55,18.41,6.9%,4.7%,81.72,56.4%,47.24,41.2%
2025-10-20T19:35:39.681272+00:00,52.35,46.88,60.72,53.32,671.59,18.47,6.9%,4.7%,81.25,55.1%,47.93,41.8%
2025-10-20T19:36:10.220013+00:00,52.33,46.88,60.72,53.31,671.62,18.48,6.9%,4.7%,81.17,54.9%,47.54,41.4%
2025-10-20T19:36:53.587221+00:00,52.32,46.88,60.75,53.32,671.82,18.48,6.9%,4.7%,81.10,54.6%,46.65,40.7%
2025-10-20T19:47:27.496202+00:00,52.41,46.89,60.75,53.35,671.82,18.43,6.9%,4.7%,81.48,55.8%,45.47,39.6%
2025-10-20T19:48:09.978923+00:00,52.41,46.89,60.74,53.35,671.78,18.44,6.9%,4.7%,81.42,55.5%,44.61,38.9%
2025-10-20T19:48:35.679136+00:00,52.41,46.89,60.77,53.36,671.97,18.44,6.9%,4.7%,81.35,55.2%,41.40,36.1%
2025-10-21T04:26:44.771957+00:00,52.78,46.89,60.68,53.45,671.30,18.23,6.9%,4.6%,83.13,58.3%,50.96,44.4%
2025-10-21T07:14:08.620970+00:00,52.78,46.89,60.68,53.45,671.30,18.23,6.9%,4.6%,83.13,58.0%,15.65,13.6%
2025-10-21T15:41:19.022703+00:00,52.72,46.87,61.20,53.60,671.96,17.92,6.9%,4.4%,85.17,58.7%,48.24,42.0%
2025-10-21T15:43:26.505975+00:00,52.69,46.88,61.20,53.59,671.94,17.94,6.9%,4.5%,85.02,58.4%,48.39,42.2%
2025-10-21T15:43:36.894522+00:00,52.67,46.87,61.20,53.58,671.97,17.95,6.9%,4.5%,84.95,58.1%,48.80,42.5%
2025-10-21T15:43:52.612248+00:00,52.68,46.87,61.19,53.58,671.88,17.94,6.9%,4.5%,85.05,58.8%,49.02,42.7%
2025-10-21T15:44:12.655122+00:00,52.66,46.88,61.20,53.58,671.91,17.94,6.9%,4.5%,85.04,58.5%,48.99,42.7%
2025-10-21T15:44:53.875141+00:00,52.59,46.87,61.19,53.55,671.86,17.97,6.9%,4.5%,84.84,57.3%,49.05,42.8%
2025-10-21T15:51:32.888112+00:00,52.61,46.88,61.26,53.58,672.38,17.95,6.8%,4.5%,84.82,57.1%,35.13,30.6%
2025-10-21T15:51:35.274626+00:00,52.61,46.88,61.26,53.58,672.38,17.95,6.8%,4.5%,84.81,56.8%,35.17,30.7%
2025-10-21T15:51:43.760507+00:00,52.61,46.88,61.27,53.58,672.39,17.95,6.8%,4.5%,84.81,57.0%,35.16,30.6%
2025-10-21T16:51:55.092346+00:00,53.09,46.89,61.30,53.76,672.67,17.70,6.8%,4.3%,86.53,60.4%,35.00,30.5%
2025-10-21T16:53:59.928736+00:00,53.04,46.89,61.21,53.71,671.99,17.71,6.9%,4.3%,86.67,60.5%,48.24,42.0%
2025-10-21T16:54:04.162845+00:00,53.04,46.89,61.19,53.71,671.86,17.70,6.9%,4.3%,86.79,60.7%,49.13,42.8%
2025-10-21T16:57:24.843671+00:00,52.98,46.89,61.18,53.68,671.79,17.70,6.9%,4.3%,86.80,60.9%,49.27,42.9%
2025-10-21T16:57:56.487726+00:00,53.01,46.89,61.15,53.68,671.60,17.69,6.9%,4.3%,86.92,61.1%,50.10,43.7%
2025-10-21T19:32:27.919909+00:00,52.55,46.87,61.19,53.54,671.88,17.56,6.9%,4.3%,87.78,61.2%,43.56,38.0%
2025-10-21T19:32:50.526392+00:00,52.54,46.87,61.18,53.53,671.80,17.56,6.9%,4.3%,87.80,61.4%,45.14,39.3%
2025-10-22T01:43:15.877808+00:00,52.27,46.86,61.11,53.41,671.29,17.87,6.9%,4.4%,85.75,58.5%,48.66,42.4%
2025-10-22T01:44:36.329010+00:00,52.27,46.86,61.11,53.41,671.29,17.87,6.9%,4.4%,85.75,58.3%,48.66,42.4%
2025-10-22T01:46:57.029043+00:00,52.27,46.86,61.11,53.41,671.29,17.87,6.9%,4.4%,85.75,58.0%,48.66,42.4%
2025-10-22T03:14:27.730429+00:00,52.27,46.86,61.11,53.41,671.29,17.87,6.9%,4.4%,85.75,57.8%,48.66,42.4%
2025-10-22T03:14:38.974157+00:00,52.27,46.86,61.11,53.41,671.29,17.87,6.9%,4.4%,85.75,57.5%,48.66,42.4%
2025-10-22T03:14:48.683364+00:00,52.27,46.86,61.11,53.41,671.29,17.87,6.9%,4.4%,85.75,57.3%,48.66,42.4%
2025-10-22T04:03:26.028392+00:00,52.27,46.86,61.11,53.41,671.29,17.87,6.9%,4.4%,85.75,57.0%,48.66,42.4%
2025-10-22T04:08:18.992559+00:00,52.27,46.86,61.11,53.41,671.29,17.87,6.9%,4.4%,85.75,56.8%,48.66,42.4%
2025-10-22T04:08:32.723874+00:00,52.27,46.86,61.11,53.41,671.29,17.87,6.9%,4.4%,85.75,56.5%,48.66,42.4%
2025-10-22T04:19:47.404886+00:00,52.27,46.86,61.11,53.41,671.29,17.87,6.9%,4.4%,85.75,56.3%,48.66,42.4%
2025-10-22T04:42:27.719336+00:00,52.27,46.86,61.11,53.41,671.29,17.87,6.9%,4.4%,85.75,56.1%,14.35,12.5%
2025-10-22T04:58:37.942064+00:00,52.27,46.86,61.11,53.41,671.29,17.87,6.9%,4.4%,85.75,55.8%,14.35,12.5%
2025-10-23T02:15:31.593637+00:00,49.26,46.74,60.84,52.28,667.80,18.60,7.0%,4.8%,81.58,49.8%,48.48,42.3%
2025-10-23T02:37:56.225487+00:00,49.26,46.74,60.84,52.28,667.80,18.60,7.0%,4.8%,81.58,50.0%,48.48,42.3%
2025-10-23T02:38:22.342314+00:00,49.26,46.74,60.84,52.28,667.80,18.60,7.0%,4.8%,81.58,50.2%,48.48,42.3%
2025-10-23T02:38:36.353087+00:00,49.26,46.74,60.84,52.28,667.80,18.60,7.0%,4.8%,81.58,50.4%,48.48,42.3%
2025-10-23T02:39:29.626468+00:00,49.26,46.74,60.84,52.28,667.80,18.60,7.0%,4.8%,81.58,50.6%,48.48,42.3%
2025-10-23T02:39:43.803320+00:00,49.26,46.74,60.84,52.28,667.80,18.60,7.0%,4.8%,81.58,50.8%,48.48,42.3%
2025-10-23T02:39:57.107298+00:00,49.26,46.74,60.84,52.28,667.80,18.60,7.0%,4.8%,81.58,51.0%,48.48,42.3%
2025-10-23T02:40:39.105292+00:00,49.26,46.74,60.84,52.28,667.80,18.60,7.0%,4.8%,81.58,51.2%,48.48,42.3%
2025-10-23T02:40:58.485706+00:00,49.26,46.74,60.84,52.28,667.80,18.60,7.0%,4.8%,81.58,51.4%,48.48,42.3%
2025-10-23T02:41:11.030041+00:00,49.26,46.74,60.84,52.28,667.80,18.60,7.0%,4.8%,81.58,51.6%,48.48,42.3%
2025-10-23T02:42:34.184473+00:00,49.26,46.74,60.84,52.28,667.80,18.60,7.0%,4.8%,81.58,51.8%,48.48,42.3%
2025-10-23T02:47:08.897567+00:00,49.26,46.74,60.84,52.28,667.80,18.60,7.0%,4.8%,81.58,52.0%,48.48,42.3%
2025-10-23T02:47:32.548075+00:00,49.26,46.74,60.84,52.28,667.80,18.60,7.0%,4.8%,81.58,52.2%,48.48,42.3%
2025-10-23T02:47:46.386858+00:00,49.26,46.74,60.84,52.28,667.80,18.60,7.0%,4.8%,81.58,52.4%,48.48,42.3%
2025-10-23T02:48:04.641070+00:00,49.26,46.74,60.84,52.28,667.80,18.60,7.0%,4.8%,81.58,52.5%,48.48,42.3%
2025-10-23T02:48:11.986340+00:00,49.26,46.74,60.84,52.28,667.80,18.60,7.0%,4.8%,81.58,52.7%,48.48,42.3%
2025-10-23T02:48:19.710593+00:00,49.26,46.74,60.84,52.28,667.80,18.60,7.0%,4.8%,81.58,52.9%,48.48,42.3%
2025-10-23T02:48:57.172733+00:00,49.26,46.74,60.84,52.28,667.80,18.60,7.0%,4.8%,81.58,53.1%,48.48,42.3%
2025-10-23T03:53:14.752403+00:00,49.26,46.74,60.84,52.28,667.80,18.60,7.0%,4.8%,81.58,53.3%,48.48,42.3%
2025-10-23T03:56:37.016453+00:00,49.26,46.74,60.84,52.28,667.80,18.60,7.0%,4.8%,81.58,53.5%,48.48,42.3%
2025-10-23T04:30:17.373480+00:00,49.26,46.74,60.84,52.28,667.80,18.60,7.0%,4.8%,81.58,53.6%,48.48,42.3%
2025-10-23T04:35:05.320376+00:00,49.26,46.74,60.84,52.28,667.80,18.60,7.0%,4.8%,81.58,53.8%,48.48,42.3%
2025-10-23T04:35:37.168086+00:00,49.26,46.74,60.84,52.28,667.80,18.60,7.0%,4.8%,81.58,54.0%,48.48,42.3%
2025-10-23T04:36:15.281043+00:00,49.26,46.74,60.84,52.28,667.80,18.60,7.0%,4.8%,81.58,54.2%,48.48,42.3%
2025-10-23T04:36:28.914517+00:00,49.26,46.74,60.84,52.28,667.80,18.60,7.0%,4.8%,81.58,54.3%,48.48,42.3%
2025-10-23T04:36:51.521268+00:00,49.26,46.74,60.84,52.28,667.80,18.60,7.0%,4.8%,81.58,54.5%,48.48,42.3%
2025-10-23T04:39:12.755891+00:00,49.26,46.74,60.84,52.28,667.80,18.60,7.0%,4.8%,81.58,54.7%,14.26,12.4%
2025-10-23T04:39:21.746086+00:00,49.26,46.74,60.84,52.28,667.80,18.60,7.0%,4.8%,81.58,54.9%,14.26,12.4%
2025-10-23T13:48:28.590573+00:00,49.30,46.72,60.84,52.29,669.80,18.81,6.9%,4.9%,79.33,41.3%,14.44,12.6%
2025-10-23T13:52:08.281653+00:00,49.68,46.74,60.96,52.46,670.60,18.68,6.9%,4.8%,80.03,41.5%,14.51,12.6%
2025-10-23T13:53:03.961831+00:00,49.72,46.73,60.95,52.47,670.49,18.66,6.9%,4.8%,80.19,42.1%,14.39,12.5%
2025-10-23T13:54:16.637556+00:00,49.87,46.74,60.90,52.50,670.17,18.59,6.9%,4.8%,80.85,42.6%,14.34,12.5%
2025-10-23T14:16:34.117262+00:00,50.45,46.78,60.73,52.66,669.05,18.37,7.0%,4.7%,82.85,56.8%,48.81,42.5%
2025-10-23T14:30:15.645958+00:00,49.85,46.76,60.76,52.46,669.24,18.46,6.9%,4.7%,82.12,56.6%,49.34,43.0%
2025-10-23T18:52:04.508664+00:00,52.76,46.85,61.24,53.61,672.59,17.14,6.8%,4.1%,90.51,68.0%,35.92,31.3%
2025-10-23T18:57:57.335299+00:00,52.73,46.84,61.23,53.60,672.54,17.12,6.8%,4.1%,90.66,68.1%,35.24,30.7%
2025-10-23T18:58:08.494174+00:00,52.71,46.84,61.23,53.59,672.50,17.13,6.8%,4.1%,90.60,67.9%,39.77,34.7%
2025-10-23T18:58:29.778383+00:00,52.70,46.84,61.23,53.59,672.56,17.13,6.8%,4.1%,90.58,67.6%,35.28,30.8%
2025-10-23T18:58:36.225026+00:00,52.70,46.84,61.23,53.59,672.56,17.13,6.8%,4.1%,90.59,67.7%,36.70,32.0%
2025-10-23T19:15:17.894083+00:00,52.79,46.85,61.24,53.63,672.62,17.12,6.8%,4.1%,90.63,68.2%,35.06,30.6%
2025-10-23T19:44:32.590660+00:00,52.60,46.84,61.16,53.53,672.03,17.22,6.9%,4.1%,90.12,66.5%,48.93,42.6%
2025-10-23T19:44:34.669038+00:00,52.60,46.84,61.16,53.53,672.03,17.22,6.9%,4.1%,90.12,66.3%,48.89,42.6%
2025-10-23T20:00:54.235957+00:00,52.34,46.84,61.11,53.43,671.66,17.27,6.9%,4.1%,89.88,66.1%,49.92,43.5%
2025-10-24T01:42:29.434456+00:00,52.31,46.82,61.12,53.42,671.76,17.30,6.9%,4.1%,89.64,65.8%,56.26,49.0%
2025-10-24T04:18:27.690473+00:00,52.31,46.82,61.12,53.42,671.76,17.30,6.9%,4.1%,89.64,65.6%,56.26,49.0%
2025-10-24T04:18:29.795457+00:00,52.31,46.82,61.12,53.42,671.76,17.30,6.9%,4.1%,89.64,65.4%,56.26,49.0%
2025-10-24T04:18:42.197326+00:00,52.31,46.82,61.12,53.42,671.76,17.30,6.9%,4.1%,89.64,65.2%,56.26,49.0%
2025-10-24T04:18:54.252777+00:00,52.31,46.82,61.12,53.42,671.76,17.30,6.9%,4.1%,89.64,64.9%,56.26,49.0%
2025-10-24T04:19:09.693794+00:00,52.31,46.82,61.12,53.42,671.76,17.30,6.9%,4.1%,89.64,64.7%,56.26,49.0%
2025-10-24T04:24:33.630730+00:00,52.31,46.82,61.12,53.42,671.76,17.30,6.9%,4.1%,89.64,64.5%,56.26,49.0%
2025-10-24T04:24:43.339499+00:00,52.31,46.82,61.12,53.42,671.76,17.30,6.9%,4.1%,89.64,64.3%,56.26,49.0%
2025-10-24T04:25:26.630391+00:00,52.31,46.82,61.12,53.42,671.76,17.30,6.9%,4.1%,89.64,64.0%,56.26,49.0%
2025-10-24T04:26:15.484444+00:00,52.31,46.82,61.12,53.42,671.76,17.30,6.9%,4.1%,89.64,63.8%,56.26,49.0%
2025-10-24T04:45:08.879450+00:00,52.31,46.82,61.12,53.42,671.76,17.30,6.9%,4.1%,89.64,63.6%,16.36,14.3%
2025-10-24T04:46:23.553849+00:00,52.31,46.82,61.12,53.42,671.76,17.30,6.9%,4.1%,89.64,63.4%,16.36,14.3%
2025-10-24T04:46:34.663278+00:00,52.31,46.82,61.12,53.42,671.76,17.30,6.9%,4.1%,89.64,63.2%,16.36,14.3%
2025-10-24T04:46:47.947075+00:00,52.31,46.82,61.12,53.42,671.76,17.30,6.9%,4.1%,89.64,63.0%,16.36,14.3%
2025-10-24T04:47:03.987800+00:00,52.31,46.82,61.12,53.42,671.76,17.30,6.9%,4.1%,89.64,62.8%,16.36,14.3%
2025-10-24T04:47:22.630253+00:00,52.31,46.82,61.12,53.42,671.76,17.30,6.9%,4.1%,89.64,62.5%,16.36,14.3%
2025-10-24T04:48:03.971024+00:00,52.31,46.82,61.12,53.42,671.76,17.30,6.9%,4.1%,89.64,62.3%,16.36,14.3%
2025-10-24T04:49:18.587547+00:00,52.31,46.82,61.12,53.42,671.76,17.30,6.9%,4.1%,89.64,62.1%,16.36,14.3%
2025-10-24T04:49:39.785382+00:00,52.31,46.82,61.12,53.42,671.76,17.30,6.9%,4.1%,89.64,61.9%,16.36,14.3%
2025-10-24T04:49:54.478568+00:00,52.31,46.82,61.12,53.42,671.76,17.30,6.9%,4.1%,89.64,61.7%,16.36,14.3%
2025-10-24T04:50:00.042451+00:00,52.31,46.82,61.12,53.42,671.76,17.30,6.9%,4.1%,89.64,61.5%,16.36,14.3%
2025-10-24T04:50:20.827581+00:00,52.31,46.82,61.12,53.42,671.76,17.30,6.9%,4.1%,89.64,61.3%,16.36,14.3%
2025-10-24T04:50:30.300757+00:00,52.31,46.82,61.12,53.42,671.76,17.30,6.9%,4.1%,89.64,61.1%,16.36,14.3%
2025-10-24T04:51:02.467027+00:00,52.31,46.82,61.12,53.42,671.76,17.30,6.9%,4.1%,89.64,60.9%,16.36,14.3%
2025-10-24T04:51:11.168197+00:00,52.31,46.82,61.12,53.42,671.76,17.30,6.9%,4.1%,89.64,60.7%,16.36,14.3%
2025-10-24T04:51:20.470902+00:00,52.31,46.82,61.12,53.42,671.76,17.30,6.9%,4.1%,89.64,60.5%,16.36,14.3%
2025-10-24T04:51:26.320569+00:00,52.31,46.82,61.12,53.42,671.76,17.30,6.9%,4.1%,89.64,60.3%,16.36,14.3%
2025-10-24T14:10:55.556630+00:00,55.22,46.96,62.10,54.76,677.83,16.45,6.7%,3.7%,93.75,73.0%,41.84,36.5%
2025-10-24T14:11:14.599837+00:00,55.22,46.96,62.09,54.76,677.80,16.46,6.7%,3.7%,93.69,72.8%,42.20,36.8%
2025-10-24T14:12:02.663678+00:00,55.29,46.97,62.07,54.78,677.61,16.44,6.7%,3.7%,93.87,73.2%,42.43,37.0%
2025-10-24T14:12:36.763506+00:00,55.28,46.97,62.08,54.77,677.70,16.46,6.7%,3.7%,93.71,72.6%,41.86,36.5%
2025-10-24T14:13:22.427087+00:00,55.16,46.96,62.09,54.74,677.75,16.52,6.7%,3.8%,93.28,71.7%,41.53,36.2%
2025-10-24T14:13:44.863223+00:00,55.15,46.96,62.09,54.73,677.75,16.52,6.7%,3.8%,93.29,71.8%,41.63,36.3%
2025-10-24T14:14:43.651031+00:00,N/A,N/A,N/A,N/A,N/A,N/A,6.7%,N/A,N/A,N/A,41.37,36.1%
2025-10-24T14:16:50.302817+00:00,55.29,46.97,62.05,54.77,677.52,16.47,6.7%,3.8%,93.71,72.6%,51.89,45.2%
2025-10-24T14:20:33.639215+00:00,55.21,46.97,62.02,54.74,677.40,16.48,6.7%,3.8%,93.72,73.0%,53.15,46.3%
2025-10-24T15:13:14.778848+00:00,54.65,46.94,62.01,54.53,677.19,16.61,6.7%,3.8%,92.83,70.5%,56.70,49.4%
2025-10-24T15:13:31.379417+00:00,54.66,46.94,62.02,54.54,677.25,16.61,6.7%,3.8%,92.81,70.3%,56.50,49.2%
2025-10-24T15:14:00.519386+00:00,54.72,46.95,62.03,54.57,677.32,16.58,6.7%,3.8%,93.00,70.7%,56.79,49.5%
2025-10-24T15:36:39.491644+00:00,55.45,46.99,62.15,54.86,678.17,16.39,6.6%,3.7%,94.06,73.9%,33.88,29.5%
2025-10-24T15:41:02.944074+00:00,55.42,47.00,62.12,54.85,677.99,16.42,6.7%,3.7%,93.91,73.7%,33.20,28.9%
2025-10-24T16:58:22.002317+00:00,54.52,46.98,62.11,54.53,677.90,16.80,6.7%,3.9%,91.31,68.8%,53.55,46.7%
2025-10-24T19:53:11.057977+00:00,55.08,47.01,62.07,54.72,677.66,16.33,6.7%,3.7%,94.61,74.2%,58.83,51.3%
2025-10-24T19:54:22.317539+00:00,55.08,47.01,62.07,54.72,677.68,16.33,6.7%,3.7%,94.60,73.9%,58.38,50.9%
2025-10-25T04:17:21.410319+00:00,54.89,46.98,62.02,54.63,677.25,16.37,6.7%,3.7%,94.45,73.7%,28.10,24.5%
2025-10-25T04:31:38.967017+00:00,54.89,46.98,62.02,54.63,677.25,16.37,6.7%,3.7%,94.45,73.8%,28.10,24.5%
2025-10-25T04:38:41.981466+00:00,54.89,46.98,62.02,54.63,677.25,16.37,6.7%,3.7%,94.45,73.9%,28.10,24.5%
2025-10-25T04:40:29.466381+00:00,54.89,46.98,62.02,54.63,677.25,16.37,6.7%,3.7%,94.45,73.9%,28.10,24.5%
2025-10-25T04:41:54.793495+00:00,54.89,46.98,62.02,54.63,677.25,16.37,6.7%,3.7%,94.45,74.0%,28.10,24.5%
2025-10-25T04:42:25.931265+00:00,54.89,46.98,62.02,54.63,677.25,16.37,6.7%,3.7%,94.45,74.1%,28.10,24.5%
2025-10-25T04:42:47.249999+00:00,54.89,46.98,62.02,54.63,677.25,16.37,6.7%,3.7%,94.45,74.2%,28.10,24.5%
2025-10-25T04:44:36.015969+00:00,54.89,46.98,62.02,54.63,677.25,16.37,6.7%,3.7%,94.45,74.3%,28.10,24.5%
2025-10-26T22:44:39.710889+00:00,54.89,46.98,62.02,54.63,677.25,16.37,6.7%,3.7%,94.45,74.3%,41.81,36.4%
2025-10-26T23:13:54.105414+00:00,54.89,46.98,62.02,54.63,677.25,16.37,6.7%,3.7%,94.45,74.4%,41.81,36.4%
2025-10-26T23:13:59.121045+00:00,54.89,46.98,62.02,54.63,677.25,16.37,6.7%,3.7%,94.45,74.5%,41.81,36.4%
2025-10-26T23:14:12.885516+00:00,54.89,46.98,62.02,54.63,677.25,16.37,6.7%,3.7%,94.45,74.6%,41.81,36.4%
2025-10-26T23:14:42.239696+00:00,54.89,46.98,62.02,54.63,677.25,16.37,6.7%,3.7%,94.45,74.6%,41.81,36.4%
2025-10-26T23:17:29.939161+00:00,54.89,46.98,62.02,54.63,677.25,16.37,6.7%,3.7%,94.45,74.7%,41.81,36.4%
2025-10-26T23:17:51.722633+00:00,54.89,46.98,62.02,54.63,677.25,16.37,6.7%,3.7%,94.45,74.8%,41.81,36.4%
2025-10-26T23:28:01.077849+00:00,54.89,46.98,62.02,54.63,677.25,16.37,6.7%,3.7%,94.45,74.9%,41.81,36.4%
2025-10-26T23:36:22.679876+00:00,54.89,46.98,62.02,54.63,677.25,16.37,6.7%,3.7%,94.45,74.9%,41.81,36.4%
2025-10-26T23:39:56.705980+00:00,54.89,46.98,62.02,54.63,677.25,16.37,6.7%,3.7%,94.45,75.0%,41.81,36.4%
2025-10-26T23:40:03.523226+00:00,54.89,46.98,62.02,54.63,677.25,16.37,6.7%,3.7%,94.45,75.1%,41.81,36.4%
2025-10-26T23:51:48.574010+00:00,54.89,46.98,62.02,54.63,677.25,16.37,6.7%,3.7%,94.45,75.1%,41.81,36.4%
2025-10-26T23:52:09.656518+00:00,54.89,46.98,62.02,54.63,677.25,16.37,6.7%,3.7%,94.45,75.2%,41.81,36.4%
2025-10-27T00:55:30.312295+00:00,54.89,46.98,62.02,54.63,677.25,16.37,6.7%,3.7%,94.45,75.3%,58.80,51.2%
2025-10-27T00:55:59.226659+00:00,54.89,46.98,62.02,54.63,677.25,16.37,6.7%,3.7%,94.45,75.4%,58.80,51.2%
2025-10-27T00:56:17.419375+00:00,54.89,46.98,62.02,54.63,677.25,16.37,6.7%,3.7%,94.45,75.4%,58.80,51.2%
2025-10-27T00:56:25.087875+00:00,54.89,46.98,62.02,54.63,677.25,16.37,6.7%,3.7%,94.45,75.5%,58.80,51.2%
2025-10-27T01:57:20.936090+00:00,54.89,46.98,62.02,54.63,677.25,16.37,6.7%,3.7%,94.45,75.6%,58.80,51.2%
2025-10-27T01:58:44.616041+00:00,54.89,46.98,62.02,54.63,677.25,16.37,6.7%,3.7%,94.45,75.6%,58.80,51.2%
2025-10-27T01:58:56.548633+00:00,54.89,46.98,62.02,54.63,677.25,16.37,6.7%,3.7%,94.45,75.7%,58.80,51.2%
2025-10-27T01:59:09.970608+00:00,54.89,46.98,62.02,54.63,677.25,16.37,6.7%,3.7%,94.45,75.8%,58.80,51.2%
2025-10-27T02:00:17.217338+00:00,54.89,46.98,62.02,54.63,677.25,16.37,6.7%,3.7%,94.45,75.8%,58.80,51.2%
2025-10-27T02:00:31.831642+00:00,54.89,46.98,62.02,54.63,677.25,16.37,6.7%,3.7%,94.45,75.9%,58.80,51.2%
2025-10-27T02:26:30.282599+00:00,54.89,46.98,62.02,54.63,677.25,16.37,6.7%,3.7%,94.45,76.0%,58.80,51.2%
2025-10-27T03:27:39.360939+00:00,54.89,46.98,62.02,54.63,677.25,16.37,6.7%,3.7%,94.45,76.0%,58.80,51.2%
2025-10-27T03:29:39.453622+00:00,54.89,46.98,62.02,54.63,677.25,16.37,6.7%,3.7%,94.45,76.1%,58.80,51.2%
2025-10-27T04:20:23.180414+00:00,54.89,46.98,62.02,54.63,677.25,16.37,6.7%,3.7%,94.45,76.2%,60.81,53.0%
2025-10-27T04:20:52.989654+00:00,54.89,46.98,62.02,54.63,677.25,16.37,6.7%,3.7%,94.45,76.2%,56.91,49.6%
2025-10-27T05:37:00.294990+00:00,54.89,46.98,62.02,54.63,677.25,16.37,6.7%,3.7%,94.45,76.3%,14.21,12.4%
2025-10-27T05:38:30.431088+00:00,54.89,46.98,62.02,54.63,677.25,16.37,6.7%,3.7%,94.45,76.4%,14.21,12.4%
2025-10-27T05:39:47.904619+00:00,54.89,46.98,62.02,54.63,677.25,16.37,6.7%,3.7%,94.45,76.4%,14.21,12.4%
2025-10-27T05:39:57.417890+00:00,54.89,46.98,62.02,54.63,677.25,16.37,6.7%,3.7%,94.45,76.5%,14.21,12.4%
2025-10-27T05:40:06.617915+00:00,54.89,46.98,62.02,54.63,677.25,16.37,6.7%,3.7%,94.45,76.6%,14.21,12.4%
2025-10-27T05:41:01.227066+00:00,54.89,46.98,62.02,54.63,677.25,16.37,6.7%,3.7%,94.45,76.6%,14.21,12.4%
2025-10-27T05:41:18.776789+00:00,54.89,46.98,62.02,54.63,677.25,16.37,6.7%,3.7%,94.45,76.7%,14.21,12.4%
2025-10-27T05:41:48.161908+00:00,54.89,46.98,62.02,54.63,677.25,16.37,6.7%,3.7%,94.45,76.8%,14.21,12.4%
2025-10-27T06:38:05.067028+00:00,54.89,46.98,62.02,54.63,677.25,16.37,6.7%,3.7%,94.45,76.8%,14.21,12.4%
2025-10-27T06:39:02.199462+00:00,54.89,46.98,62.02,54.63,677.25,16.37,6.7%,3.7%,94.45,76.9%,14.21,12.4%
2025-10-27T06:39:11.828472+00:00,54.89,46.98,62.02,54.63,677.25,16.37,6.7%,3.7%,94.45,76.9%,14.21,12.4%
2025-10-27T06:39:22.701610+00:00,54.89,46.98,62.02,54.63,677.25,16.37,6.7%,3.7%,94.45,77.0%,14.21,12.4%
2025-10-27T06:40:12.706589+00:00,54.89,46.98,62.02,54.63,677.25,16.37,6.7%,3.7%,94.45,77.1%,14.21,12.4%
2025-10-27T06:42:30.529775+00:00,54.89,46.98,62.02,54.63,677.25,16.37,6.7%,3.7%,94.45,77.1%,14.21,12.4%
2025-10-27T06:43:20.221133+00:00,54.89,46.98,62.02,54.63,677.25,16.37,6.7%,3.7%,94.45,77.2%,14.21,12.4%
2025-10-27T06:43:29.489625+00:00,54.89,46.98,62.02,54.63,677.25,16.37,6.7%,3.7%,94.45,77.2%,14.21,12.4%
2025-10-27T06:44:52.576303+00:00,54.89,46.98,62.02,54.63,677.25,16.37,6.7%,3.7%,94.45,77.3%,14.21,12.4%
2025-10-27T06:45:39.443301+00:00,54.89,46.98,62.02,54.63,677.25,16.37,6.7%,3.7%,94.45,77.4%,14.21,12.4%
2025-10-27T06:45:48.054442+00:00,54.89,46.98,62.02,54.63,677.25,16.37,6.7%,3.7%,94.45,77.4%,14.21,12.4%
2025-10-27T06:59:10.183817+00:00,54.89,46.98,62.02,54.63,677.25,16.37,6.7%,3.7%,94.45,77.5%,14.21,12.4%
2025-10-27T06:59:43.961970+00:00,54.89,46.98,62.02,54.63,677.25,16.37,6.7%,3.7%,94.45,77.5%,14.21,12.4%
2025-10-27T07:00:33.253456+00:00,54.89,46.98,62.02,54.63,677.25,16.37,6.7%,3.7%,94.45,77.6%,14.21,12.4%
2025-10-27T17:00:51.909407+00:00,55.40,47.18,63.50,55.36,683.68,15.96,6.5%,3.5%,95.47,78.4%,42.64,37.2%
2025-10-27T17:02:05.607337+00:00,55.43,47.18,63.50,55.37,683.73,15.97,6.5%,3.5%,95.39,78.2%,42.61,37.1%
2025-10-27T17:02:18.283615+00:00,55.44,47.18,63.51,55.37,683.74,15.97,6.5%,3.5%,95.38,78.0%,41.69,36.3%
2025-10-27T17:13:43.146966+00:00,55.53,47.19,63.49,55.40,683.60,15.98,6.5%,3.5%,95.35,77.8%,53.60,46.7%
2025-10-27T17:13:53.706078+00:00,55.51,47.19,63.49,55.40,683.60,15.99,6.5%,3.5%,95.28,77.6%,53.62,46.7%
2025-10-27T17:15:19.125066+00:00,55.52,47.19,63.49,55.40,683.62,15.99,6.5%,3.5%,95.28,77.4%,53.57,46.7%
2025-10-27T17:15:35.360001+00:00,55.52,47.19,63.49,55.40,683.60,15.99,6.5%,3.5%,95.28,77.2%,53.13,46.3%
2025-10-27T17:16:25.060896+00:00,55.51,47.19,63.49,55.40,683.66,15.99,6.5%,3.5%,95.27,77.0%,54.06,47.1%
2025-10-27T17:17:47.930651+00:00,55.49,47.19,63.47,55.38,683.52,15.98,6.5%,3.5%,95.37,78.1%,52.06,45.4%
2025-10-27T17:29:24.156386+00:00,55.47,47.19,63.46,55.37,683.41,15.99,6.5%,3.5%,95.33,77.7%,56.16,49.0%
2025-10-27T17:30:07.186071+00:00,55.46,47.19,63.46,55.37,683.44,15.98,6.5%,3.5%,95.40,78.7%,55.81,48.6%
2025-10-27T17:33:14.874984+00:00,55.36,47.19,63.48,55.34,683.53,16.00,6.5%,3.5%,95.24,76.3%,54.55,47.5%
2025-10-27T17:33:27.448566+00:00,55.34,47.18,63.48,55.34,683.59,16.00,6.5%,3.5%,95.22,76.1%,53.50,46.6%
2025-10-27T17:34:03.580313+00:00,55.32,47.18,63.48,55.33,683.58,16.01,6.5%,3.5%,95.15,75.9%,54.07,47.1%
2025-10-27T17:34:13.228883+00:00,55.32,47.18,63.48,55.33,683.58,16.01,6.5%,3.5%,95.15,75.9%,54.09,47.1%
2025-10-27T17:35:12.596191+00:00,55.31,47.18,63.48,55.32,683.56,16.02,6.5%,3.6%,95.09,75.5%,54.32,47.3%
2025-10-27T17:39:05.939476+00:00,55.24,47.18,63.50,55.30,683.69,16.04,6.5%,3.6%,94.92,75.3%,52.93,46.1%
2025-10-27T17:55:52.815389+00:00,55.56,47.19,63.53,55.42,683.89,15.98,6.5%,3.5%,95.27,76.6%,37.95,33.1%
2025-10-27T17:57:06.153100+00:00,55.57,47.19,63.53,55.43,683.92,15.97,6.5%,3.5%,95.33,77.9%,37.94,33.1%
2025-10-27T17:57:15.320655+00:00,55.57,47.19,63.53,55.43,683.91,15.97,6.5%,3.5%,95.33,78.0%,37.94,33.1%
2025-10-27T17:57:54.776497+00:00,55.57,47.19,63.53,55.43,683.91,15.97,6.5%,3.5%,95.33,78.0%,37.96,33.1%
2025-10-27T17:58:27.402649+00:00,55.60,47.19,63.53,55.44,683.92,15.96,6.5%,3.5%,95.40,79.3%,37.95,33.1%
2025-10-27T19:08:33.249126+00:00,55.59,47.19,63.57,55.45,684.16,15.97,6.4%,3.5%,95.26,75.7%,37.50,32.7%
2025-10-28T04:41:43.585194+00:00,55.79,47.23,63.72,55.58,685.24,15.79,6.4%,3.5%,96.20,79.7%,43.59,38.0%
2025-10-28T04:41:49.869212+00:00,55.79,47.23,63.72,55.58,685.24,15.79,6.4%,3.5%,96.20,79.5%,43.59,38.0%
2025-10-28T04:42:22.924653+00:00,55.79,47.23,63.72,55.58,685.24,15.79,6.4%,3.5%,96.20,79.3%,43.59,38.0%
2025-10-28T04:42:49.961487+00:00,55.79,47.23,63.72,55.58,685.24,15.79,6.4%,3.5%,96.20,79.1%,43.59,38.0%
2025-10-28T04:42:56.381396+00:00,55.79,47.23,63.72,55.58,685.24,15.79,6.4%,3.5%,96.20,78.9%,43.59,38.0%
2025-10-28T04:42:59.374790+00:00,55.79,47.23,63.72,55.58,685.24,15.79,6.4%,3.5%,96.20,78.7%,43.59,38.0%
2025-10-28T04:43:08.091004+00:00,55.79,47.23,63.72,55.58,685.24,15.79,6.4%,3.5%,96.20,78.5%,43.59,38.0%
2025-10-28T04:43:48.277006+00:00,55.79,47.23,63.72,55.58,685.24,15.79,6.4%,3.5%,96.20,78.3%,15.31,13.3%
2025-10-28T04:43:54.848958+00:00,55.79,47.23,63.72,55.58,685.24,15.79,6.4%,3.5%,96.20,78.1%,15.31,13.3%
2025-10-28T05:07:15.450070+00:00,55.79,47.23,63.72,55.58,685.24,15.79,6.4%,3.5%,96.20,77.9%,15.31,13.3%
2025-10-28T05:08:20.576364+00:00,55.79,47.23,63.72,55.58,685.24,15.79,6.4%,3.5%,96.20,77.8%,15.31,13.3%
2025-10-28T05:09:03.180550+00:00,55.79,47.23,63.72,55.58,685.24,15.79,6.4%,3.5%,96.20,77.6%,15.31,13.3%
2025-10-28T06:00:25.864013+00:00,55.79,47.23,63.72,55.58,685.24,15.79,6.4%,3.5%,96.20,77.4%,15.31,13.3%
2025-10-28T06:00:56.916403+00:00,55.79,47.23,63.72,55.58,685.24,15.79,6.4%,3.5%,96.20,77.2%,15.31,13.3%
2025-10-28T06:01:40.720986+00:00,55.79,47.23,63.72,55.58,685.24,15.79,6.4%,3.5%,96.20,77.0%,15.31,13.3%
2025-10-28T06:15:53.652111+00:00,55.79,47.23,63.72,55.58,685.24,15.79,6.4%,3.5%,96.20,76.8%,15.31,13.3%
2025-10-28T06:18:28.178457+00:00,55.79,47.23,63.72,55.58,685.24,15.79,6.4%,3.5%,96.20,76.7%,15.31,13.3%
2025-10-28T06:18:47.765181+00:00,55.79,47.23,63.72,55.58,685.24,15.79,6.4%,3.5%,96.20,76.5%,15.31,13.3%
2025-10-28T06:27:30.421416+00:00,55.79,47.23,63.72,55.58,685.24,15.79,6.4%,3.5%,96.20,76.3%,15.31,13.3%
2025-10-28T06:27:38.753719+00:00,55.79,47.23,63.72,55.58,685.24,15.79,6.4%,3.5%,96.20,76.1%,15.31,13.3%
2025-10-28T06:27:45.269822+00:00,55.79,47.23,63.72,55.58,685.24,15.79,6.4%,3.5%,96.20,75.9%,15.31,13.3%
2025-10-28T14:14:47.000786+00:00,54.18,47.27,64.96,55.47,685.84,16.22,6.4%,3.6%,93.07,53.4%,51.64,45.0%
2025-10-29T05:30:20.206993+00:00,54.11,47.33,65.13,55.53,687.06,16.42,6.4%,3.7%,91.28,51.9%,15.87,13.8%
2025-10-29T05:30:26.430863+00:00,54.11,47.33,65.13,55.53,687.06,16.42,6.4%,3.7%,91.28,52.0%,15.87,13.8%
2025-10-29T05:34:17.015527+00:00,54.11,47.33,65.13,55.53,687.06,16.42,6.4%,3.7%,91.28,52.1%,15.87,13.8%
2025-10-29T05:34:26.489379+00:00,54.11,47.33,65.13,55.53,687.06,16.42,6.4%,3.7%,91.28,52.2%,15.87,13.8%
2025-10-29T05:34:33.582813+00:00,54.11,47.33,65.13,55.53,687.06,16.42,6.4%,3.7%,91.28,52.3%,15.87,13.8%
2025-10-30T02:30:27.761604+00:00,52.14,47.36,66.11,55.20,687.39,16.92,6.3%,4.0%,87.55,42.5%,58.32,50.8%
2025-10-30T02:36:18.962104+00:00,52.14,47.36,66.11,55.20,687.39,16.92,6.3%,4.0%,87.55,42.4%,58.32,50.8%
2025-10-30T02:36:45.546249+00:00,52.14,47.36,66.11,55.20,687.39,16.92,6.3%,4.0%,87.55,42.3%,58.32,50.8%
2025-10-30T02:39:17.222110+00:00,52.14,47.36,66.11,55.20,687.39,16.92,6.3%,4.0%,87.55,42.2%,58.32,50.8%
2025-10-30T02:39:43.756323+00:00,52.14,47.36,66.11,55.20,687.39,16.92,6.3%,4.0%,87.55,42.1%,58.32,50.8%
2025-10-30T02:52:36.092468+00:00,52.14,47.36,66.11,55.20,687.39,16.92,6.3%,4.0%,87.55,42.0%,58.32,50.8%
2025-10-30T02:53:57.559433+00:00,52.14,47.36,66.11,55.20,687.39,16.92,6.3%,4.0%,87.55,42.0%,58.32,50.8%
2025-10-30T04:50:03.401311+00:00,52.14,47.36,66.11,55.20,687.39,16.92,6.3%,4.0%,87.55,41.9%,16.00,13.9%
2025-10-30T04:51:25.470526+00:00,52.14,47.36,66.11,55.20,687.39,16.92,6.3%,4.0%,87.55,41.8%,16.00,13.9%
2025-10-30T05:49:57.228232+00:00,52.14,47.36,66.11,55.20,687.39,16.92,6.3%,4.0%,87.55,41.7%,16.00,13.9%
2025-11-03T05:26:03.071951+00:00,48.43,42.17,65.49,52.03,682.06,17.44,6.5%,4.2%,85.41,37.8%,54.41,47.4%
2025-11-03T05:26:07.654333+00:00,48.43,42.17,65.49,52.03,682.06,17.44,6.5%,4.2%,85.41,37.9%,54.41,47.4%
2025-11-03T05:34:43.061903+00:00,48.43,42.17,65.49,52.03,682.06,17.44,6.5%,4.2%,85.41,38.0%,54.41,47.4%
2025-11-03T14:38:21.386077+00:00,48.54,42.17,65.52,52.08,684.03,17.36,6.2%,4.2%,82.85,34.8%,12.19,10.6%
2025-11-03T20:38:00.531371+00:00,47.99,42.21,65.34,51.85,682.80,17.23,6.3%,4.1%,84.27,35.6%,53.80,46.9%
2025-11-05T06:03:05.186720+00:00,43.54,41.92,64.10,49.86,675.24,19.00,6.5%,5.0%,73.03,23.6%,13.09,11.4%
2025-11-05T06:03:09.603600+00:00,43.54,41.92,64.10,49.86,675.24,19.00,6.5%,5.0%,73.03,23.7%,13.09,11.4%
2025-11-05T20:13:53.998519+00:00,47.66,42.04,63.72,51.14,680.31,17.33,6.3%,4.2%,84.33,36.1%,42.00,36.6%
2025-11-05T20:14:00.434469+00:00,47.67,42.04,63.72,51.14,680.33,17.33,6.3%,4.2%,84.33,36.0%,41.61,36.3%
2025-11-05T21:06:54.921283+00:00,47.19,41.99,63.32,50.83,677.48,17.60,6.4%,4.3%,83.22,35.7%,42.66,37.2%
2025-11-06T06:34:32.070621+00:00,46.66,41.95,63.33,50.65,677.58,18.01,6.4%,4.5%,80.04,25.3%,14.29,12.5%
2025-11-07T19:24:35.607470+00:00,40.33,41.51,59.74,47.19,666.65,20.71,6.8%,5.9%,62.36,15.1%,53.24,46.4%
2025-11-07T19:34:19.197733+00:00,40.61,41.52,59.87,47.33,667.55,20.59,6.7%,5.9%,62.97,15.3%,51.74,45.1%
2025-11-14T14:20:13.474957+00:00,29.55,41.58,60.07,43.73,672.04,22.30,6.6%,6.9%,45.64,14.2%,17.03,14.8%
2025-11-14T17:32:19.004412+00:00,33.55,41.65,59.25,44.82,674.55,19.64,6.5%,5.3%,68.04,22.2%,82.20,71.7%
2025-11-14T17:32:29.641840+00:00,33.53,41.65,59.25,44.81,674.52,19.65,6.5%,5.3%,67.98,22.2%,83.32,72.6%
2025-11-17T18:14:42.493351+00:00,30.00,41.49,57.53,43.01,669.16,21.50,6.7%,6.4%,54.37,14.8%,47.88,41.7%
2025-11-17T20:47:11.522499+00:00,26.67,41.35,56.94,41.65,664.94,22.78,6.8%,7.2%,44.83,14.1%,41.37,36.1%
2025-11-18T14:57:15.833361+00:00,25.24,41.28,54.67,40.40,658.95,23.91,7.0%,7.9%,37.49,11.2%,12.49,10.9%
2025-11-18T15:42:47.441546+00:00,24.40,41.22,54.58,40.06,658.25,24.66,7.1%,8.4%,30.73,9.5%,39.87,34.7%
2025-11-18T16:18:12.439043+00:00,23.41,41.09,54.61,39.70,658.52,25.72,7.0%,9.2%,20.09,0.0%,39.16,34.1%
